<?xml version="1.0" encoding="UTF-8"?>
<project-private xmlns="http://www.netbeans.org/ns/project-private/1">
    <editor-bookmarks xmlns="http://www.netbeans.org/ns/editor-bookmarks/2" lastBookmarkId="0"/>
    <open-files xmlns="http://www.netbeans.org/ns/projectui-open-files/2">
        <group>
            <file>file:/C:/Users/Carl/Documents/ChatTech/Spring%202017/CIST%202931/DG/src/java/DAO/DBConnection.java</file>
            <file>file:/C:/Users/Carl/Documents/ChatTech/Spring%202017/CIST%202931/DG/src/java/DAO/database_connection.java</file>
            <file>file:/C:/Users/Carl/Documents/ChatTech/Spring%202017/CIST%202931/DG/src/java/DAO/Test.java</file>
            <file>file:/C:/Users/Carl/Documents/ChatTech/Spring%202017/CIST%202931/DG/src/java/DAO/db.java</file>
            <file>file:/C:/Users/Carl/Documents/ChatTech/Spring%202017/CIST%202931/DG/src/java/DAO/Accessible.java</file>
            <file>file:/C:/Users/Carl/Documents/ChatTech/Spring%202017/CIST%202931/DG/src/java/Business/Note.java</file>
            <file>file:/C:/Users/Carl/Documents/ChatTech/Spring%202017/CIST%202931/DG/src/java/Business/User.java</file>
        </group>
    </open-files>
</project-private>
