-- phpMyAdmin SQL Dump
-- version 4.5.1
-- http://www.phpmyadmin.net
--
-- Host: 127.0.0.1
-- Generation Time: May 01, 2017 at 10:16 PM
-- Server version: 10.1.19-MariaDB
-- PHP Version: 5.6.28

SET SQL_MODE = "NO_AUTO_VALUE_ON_ZERO";
SET time_zone = "+00:00";


/*!40101 SET @OLD_CHARACTER_SET_CLIENT=@@CHARACTER_SET_CLIENT */;
/*!40101 SET @OLD_CHARACTER_SET_RESULTS=@@CHARACTER_SET_RESULTS */;
/*!40101 SET @OLD_COLLATION_CONNECTION=@@COLLATION_CONNECTION */;
/*!40101 SET NAMES utf8mb4 */;

--
-- Database: `deriche`
--

-- --------------------------------------------------------

--
-- Table structure for table `forms`
--

CREATE TABLE `forms` (
  `FormID` int(10) NOT NULL,
  `UserID` int(4) NOT NULL,
  `patientID` int(11) NOT NULL,
  `FormType` varchar(20) NOT NULL,
  `FormInfo` longtext NOT NULL,
  `Date` varchar(100) NOT NULL,
  `Revision1` int(1) NOT NULL
) ENGINE=InnoDB DEFAULT CHARSET=latin1;

--
-- Dumping data for table `forms`
--

INSERT INTO `forms` (`FormID`, `UserID`, `patientID`, `FormType`, `FormInfo`, `Date`, `Revision1`) VALUES
(1, 1, 1, 'BC', '/******************************************************************************************\r\n* @author Carl Moon II 3-3-17\r\n* Note business object for DeRichie web app.\r\n* version 1.0\r\n*****************************************************************************************/\r\npackage Business;\r\n\r\nimport DAO.db;\r\nimport java.sql.Connection;\r\nimport java.sql.PreparedStatement;\r\nimport java.sql.ResultSet;\r\nimport java.sql.SQLException;\r\n\r\n/******************************************************************************************\r\n* \r\n* Note main class for DeRichie web application.\r\n*****************************************************************************************/\r\npublic class Note {\r\n    \r\n    private String noteID;\r\n    \r\n    private String notes;\r\n    \r\n    private String Time_Started;\r\n    \r\n    private String Last_Updated;\r\n    \r\n    private String Time_Submitted;\r\n    \r\n    private String Time_Accepted;\r\n    \r\n    private String Comment;\r\n    \r\n    private String Submitted;\r\n    \r\n    private String TimeReviewer_Accepted;\r\n    \r\n    private String NoteReviewer_Accepted;\r\n    \r\n    private String patientID;\r\n    \r\n    private String UserID;\r\n\r\n    /**\r\n     * @return the noteID\r\n     */\r\n    public String getNoteID() {\r\n        return noteID;\r\n    }\r\n\r\n    /**\r\n     * @param noteID the noteID to set\r\n     */\r\n    public void setNoteID(String noteID) {\r\n        this.noteID = noteID;\r\n    }\r\n\r\n    /**\r\n     * @return the notes\r\n     */\r\n    public String getNotes() {\r\n        return notes;\r\n    }\r\n\r\n    /**\r\n     * @param notes the notes to set\r\n     */\r\n    public void setNotes(String notes) {\r\n        this.notes = notes;\r\n    }\r\n\r\n    /**\r\n     * @return the Time_Started\r\n     */\r\n    public String getTime_Started() {\r\n        return Time_Started;\r\n    }\r\n\r\n    /**\r\n     * @param Time_Started the Time_Started to set\r\n     */\r\n    public void setTime_Started(String Time_Started) {\r\n        this.Time_Started = Time_Started;\r\n    }\r\n\r\n    /**\r\n     * @return the Last_Updated\r\n     */\r\n    public String getLast_Updated() {\r\n        return Last_Updated;\r\n    }\r\n\r\n    /**\r\n     * @param Last_Updated the Last_Updated to set\r\n     */\r\n    public void setLast_Updated(String Last_Updated) {\r\n        this.Last_Updated = Last_Updated;\r\n    }\r\n\r\n    /**\r\n     * @return the Time_Submitted\r\n     */\r\n    public String getTime_Submitted() {\r\n        return Time_Submitted;\r\n    }\r\n\r\n    /**\r\n     * @param Time_Submitted the Time_Submitted to set\r\n     */\r\n    public void setTime_Submitted(String Time_Submitted) {\r\n        this.Time_Submitted = Time_Submitted;\r\n    }\r\n\r\n    /**\r\n     * @return the Time_Accepted\r\n     */\r\n    public String getTime_Accepted() {\r\n        return Time_Accepted;\r\n    }\r\n\r\n    /**\r\n     * @param Time_Accepted the Time_Accepted to set\r\n     */\r\n    public void setTime_Accepted(String Time_Accepted) {\r\n        this.Time_Accepted = Time_Accepted;\r\n    }\r\n\r\n    /**\r\n     * @return the Comment\r\n     */\r\n    public String getComment() {\r\n        return Comment;\r\n    }\r\n\r\n    /**\r\n     * @param Comment the Comment to set\r\n     */\r\n    public void setComment(String Comment) {\r\n        this.Comment = Comment;\r\n    }\r\n\r\n    /**\r\n     * @return the Submitted\r\n     */\r\n    public String getSubmitted() {\r\n        return Submitted;\r\n    }\r\n\r\n    /**\r\n     * @param Submitted the Submitted to set\r\n     */\r\n    public void setSubmitted(String Submitted) {\r\n        this.Submitted = Submitted;\r\n    }\r\n\r\n    /**\r\n     * @return the TimeReviewer_Accepted\r\n     */\r\n    public String getTimeReviewer_Accepted() {\r\n        return TimeReviewer_Accepted;\r\n    }\r\n\r\n    /**\r\n     * @param TimeReviewer_Accepted the TimeReviewer_Accepted to set\r\n     */\r\n    public void setTimeReviewer_Accepted(String TimeReviewer_Accepted) {\r\n        this.TimeReviewer_Accepted = TimeReviewer_Accepted;\r\n    }\r\n\r\n    /**\r\n     * @return the NoteReviewer_Accepted\r\n     */\r\n    public String getNoteReviewer_Accepted() {\r\n        return NoteReviewer_Accepted;\r\n    }\r\n\r\n    /**\r\n     * @param NoteReviewer_Accepted the NoteReviewer_Accepted to set\r\n     */\r\n    public void setNoteReviewer_Accepted(String NoteReviewer_Accepted) {\r\n        this.NoteReviewer_Accepted = NoteReviewer_Accepted;\r\n    }\r\n\r\n    /**\r\n     * @return the patientID\r\n     */\r\n    public String getPatientID() {\r\n        return patientID;\r\n    }\r\n\r\n    /**\r\n     * @param patientID the patientID to set\r\n     */\r\n    public void setPatientID(String patientID) {\r\n        this.patientID = patientID;\r\n    }\r\n\r\n    /**\r\n     * @return the UserID\r\n     */\r\n    public String getUserID() {\r\n        return UserID;\r\n    }\r\n\r\n    /**\r\n     * @param UserID the UserID to set\r\n     */\r\n    public void setUserID(String UserID) {\r\n        this.UserID = UserID;\r\n    }\r\n    \r\n/******************************************************************************************\r\n*   \r\n* User display for testing.\r\n *****************************************************************************************/\r\n    public void display()\r\n    {\r\n        System.out.println("Begin Note.java display ");\r\n        System.out.println("Note Id: "+getNoteID());\r\n        System.out.println("Notes: "+getNotes());\r\n        System.out.println("Time Started: "+getTime_Started());\r\n        System.out.println("Last Updated: "+getLast_Updated());\r\n        System.out.println("Time Submitted: "+getTime_Submitted());\r\n        System.out.println("Time Accepted: "+getTime_Accepted());\r\n        System.out.println("Comment: "+getComment());\r\n        System.out.println("Submitted: "+getSubmitted());\r\n        System.out.println("Time Reviewer Accepted: "+getTimeReviewer_Accepted());\r\n        System.out.println("Note Reviewer Accepted: "+getNoteReviewer_Accepted());\r\n        System.out.println("Patient ID: "+getPatientID());\r\n        System.out.println("User ID: "+getUserID());\r\n        System.out.println("End Note.java display ");\r\n    }//end display\r\n/******************************************************************************************\r\n* SelectDB() Method\r\n* This selectDB method will go in to the Appointments table in the Dentist DB.\r\n*****************************************************************************************/\r\npublic void selectDB(String nid) throws SQLException\r\n{\r\n    noteID = nid;\r\n \r\n    \r\n    Connection con1 = null;\r\n    PreparedStatement ps = null;\r\n    \r\n    String sql = "Select * from note where NoteID = ?";\r\n    \r\n        try\r\n        {\r\n            con1 = db.dbc();\r\n            ps = con1.prepareStatement(sql);\r\n            ps.setString(1, getNoteID());\r\n            //execute sql statement\r\n            ResultSet rs = ps.executeQuery();\r\n            \r\n            while(rs.next())\r\n            { \r\n                //setUserId(rs.getString(1));\r\n                setNotes(rs.getString(2));\r\n                setTime_Started(rs.getString(3));\r\n                setLast_Updated(rs.getString(4));\r\n                setTime_Submitted(rs.getString(5));\r\n                setTime_Accepted(rs.getString(6));\r\n                setComment(rs.getString(7));\r\n                setSubmitted(rs.getString(8));\r\n                setTimeReviewer_Accepted(rs.getString(9));\r\n                setNoteReviewer_Accepted(rs.getString(10));\r\n                setPatientID(rs.getString(11));\r\n                setUserID(rs.getString(12));\r\n            }\r\n        }\r\n        catch(SQLException e)\r\n        {\r\n            e.printStackTrace();\r\n        }\r\n            \r\n        finally\r\n        {\r\n            if (ps != null)\r\n            {\r\n                ps.close();\r\n            }\r\n            \r\n            if(con1 != null)\r\n            {\r\n            con1.close();\r\n            }\r\n        }\r\n           \r\n}// end public void selectDB\r\n/*******************************************************************************\r\n* Insert method will put user info into the DeRichie web app.\r\n* Inserts into the note table.\r\n*******************************************************************************/\r\n\r\npublic void insertDB(String n1, String ts, String lu, String tus, String ta, String c, String s, String tra, String nra, String pid, String uid) throws SQLException\r\n{\r\n     \r\n   notes = n1;\r\n   Time_Started = ts;\r\n   Last_Updated = lu;\r\n   Time_Submitted = tus;\r\n   Time_Accepted = ta;\r\n   Comment = c;\r\n   Submitted = s;\r\n   TimeReviewer_Accepted = tra;     \r\n   NoteReviewer_Accepted = nra;\r\n   patientID =pid;\r\n   UserID = uid;\r\n           \r\n    Connection con1 = null;\r\n    PreparedStatement ps = null;\r\n    \r\n    String sql = "insert into note"\r\n                                      +"(notes, Time_Started, Last_Updated, Time_Submitted, Time_Accepted, Comment, Submitted, TimeReviewer_Accepted, NoteReviewer_Accepted, patientID, UserID) values"\r\n            \r\n                                      +"(?,?,?,?,?,?,?,?,?,?,?)";\r\n        \r\n    try\r\n    {\r\n        con1 = db.dbc();\r\n        ps = con1.prepareStatement(sql);\r\n       \r\n        ps.setString(1, getNotes());\r\n        ps.setString(2, getTime_Started());\r\n        ps.setString(3, getLast_Updated());\r\n        ps.setString(4, getTime_Submitted());\r\n        ps.setString(5, getTime_Accepted());\r\n        ps.setString(6, getComment());\r\n        ps.setString(7, getSubmitted());\r\n        ps.setString(8, getTimeReviewer_Accepted());\r\n        ps.setString(9, getNoteReviewer_Accepted());\r\n        ps.setString(10, getPatientID());\r\n        ps.setString(11, getUserID());\r\n        //ps.setString(11, getUserID());\r\n        \r\n        \r\n        \r\n         int n = ps.executeUpdate();\r\n          \r\n        if(n==1)\r\n        { \r\n            System.out.println("Insert User.java Successful!!!");\r\n        }\r\n        else\r\n        {\r\n            System.out.println("Insert User.java Failed!!!");\r\n           \r\n        }\r\n    }\r\n    catch(SQLException e)\r\n    {\r\n        e.printStackTrace();\r\n    }\r\n    finally\r\n    {\r\n        if(ps != null)\r\n        {\r\n            ps.close();\r\n        }\r\n        \r\n        if(con1 != null)\r\n        {\r\n            con1.close();\r\n        }\r\n    }\r\n}// end public void insertDB\r\n/******************************************************************************************\r\n** updateDBAdmin() Method\r\n* This will allow the admin to update\r\n* the note table in the in the DeRichie DB.\r\n*****************************************************************************************/\r\npublic void updateDBAdmin() throws SQLException\r\n{\r\n    Connection con1 = null;\r\n    PreparedStatement ps = null;\r\n    \r\n    String sql = "update note set notes =?, Time_Started = ?, Last_Updated = ?, Time_Submitted = ?, Time_Accepted = ?, Comment = ?, Submitted = ?, TimeReviewer_Accepted = ?, NoteReviewer_Accepted = ?, patientID = ?, UserID = ? Where NoteID = ?";\r\n    \r\n    try\r\n    {\r\n        con1 = db.dbc();\r\n        ps = con1.prepareStatement(sql);\r\n        \r\n        \r\n        ps.setString(1, getNotes());\r\n        ps.setString(2, getTime_Started());\r\n        ps.setString(3, getLast_Updated());\r\n        ps.setString(4, getTime_Submitted());\r\n        ps.setString(5, getTime_Accepted());\r\n        ps.setString(6, getComment());\r\n        ps.setString(7, getSubmitted());\r\n        ps.setString(8, getTimeReviewer_Accepted());\r\n        ps.setString(9, getNoteReviewer_Accepted());\r\n        ps.setString(10, getPatientID());\r\n        ps.setString(11, getUserID());\r\n        ps.setString(12, getNoteID());\r\n        \r\n        //System.out.println(sql);\r\n          \r\n          \r\n          \r\n        int n = ps.executeUpdate();\r\n          \r\n        if(n==1)\r\n        { \r\n            System.out.println("Admin Update Successful!!!");\r\n        }\r\n        else\r\n        {\r\n            System.out.println("Admin Update Failed!!!");\r\n           \r\n        }\r\n    }\r\n    catch(SQLException e)\r\n    {\r\n        e.printStackTrace();\r\n    }\r\n    finally\r\n    {\r\n        if(ps != null)\r\n        {\r\n            ps.close();\r\n        }\r\n        \r\n        if(con1 != null)\r\n        {\r\n            con1.close();\r\n        }\r\n    }\r\n}//end updateDBAdmin\r\n/******************************************************************************************\r\n* deleteDB() Method\r\n* This deleteDB method will go in to the  table in the Dentist DB.\r\n*****************************************************************************************/\r\npublic void deleteDB() throws SQLException\r\n{\r\n      \r\n    PreparedStatement ps = null;\r\n    Connection con1 = null;\r\n    \r\n    \r\n \r\n    String sql = "delete from note where NoteID = ?";\r\n    \r\n    \r\n        try\r\n        {\r\n          con1 = db.dbc();\r\n          ps = con1.prepareStatement(sql);\r\n          \r\n          ps.setString(1, getNoteID());\r\n\r\n          \r\n          System.out.println(sql);\r\n          \r\n          \r\n          \r\n           int n = ps.executeUpdate();\r\n          \r\n           if(n==1)\r\n           { \r\n               System.out.println("Delete Successful!!!");\r\n           }\r\n           else\r\n           {\r\n               System.out.println("Delete Failed!!!");\r\n           \r\n           }\r\n                  \r\n        }//end try\r\n        catch(SQLException e)\r\n        {\r\n           e.printStackTrace();\r\n        }\r\n        finally\r\n        {\r\n            try\r\n            {    \r\n                if(ps != null)\r\n                {\r\n                    ps.close();\r\n                }\r\n                if(con1 != null)\r\n                {\r\n                    con1.close();\r\n                }\r\n            }\r\n            catch(SQLException sqle)\r\n            {\r\n                System.out.println(sqle);\r\n            }\r\n        }//end finally\r\n   }//end deleteDB\r\npublic static void main(String[] args)\r\n{\r\n /*    \r\n//Testing selectDB(String un)\r\n     try\r\n    {\r\n        Note n = new Note();\r\n        n.selectDB("6");\r\n        n.display();\r\n    }\r\n    catch(SQLException e)\r\n    {\r\n        System.out.println(e);\r\n    }\r\n     */\r\n    /*\r\n     //Testing insertDB\r\n    try\r\n    {\r\n        Note n = new Note();\r\n        n.insertDB("this is a test", "2017-03-03 20:35:36", "2017-03-03 20:35:36", "2017-03-03 20:35:36", "2017-03-03 20:35:36", "comment test","1", "2017-04-03 7:35:36","1","3","73");\r\n        n.display();\r\n    }\r\n    catch(SQLException e)\r\n    {\r\n        System.out.println(e);\r\n    }\r\n    */\r\n    /*\r\n    //Testing updateDBAdmin\r\n    try\r\n    {\r\n        Note n = new Note();\r\n        n.selectDB("43");\r\n        n.setSubmitted("0");\r\n        n.updateDBAdmin();\r\n        n.display();\r\n    }\r\n    catch(SQLException e)\r\n    {\r\n        System.out.println(e);\r\n    } \r\n    */\r\n    \r\n    //Testing deleteDB\r\n    try\r\n    {\r\n        Note n = new Note();\r\n        n.selectDB("43");\r\n        n.display();\r\n        n.deleteDB();\r\n    }\r\n    catch(SQLException e)\r\n    {\r\n        System.out.println(e);\r\n    }\r\n    \r\n}//end main method \r\n    \r\n}// end public class Note\r\n', '2017-03-30 15:35:48', 0),
(99, 1, 2, '3', '4', '2017-01-15 09:00:00', 6),
(114, 2, 1, 'BODY_CHECK', 'filetest', '2017-04-10 00:00:00', 1),
(115, 1, 1, 'BODY_CHECK', 'test', '2017-03-13 00:00:00', 1),
(116, 73, 1, 'BODY_CHECK', 'test', '2017-03-19 00:00:00', 1),
(117, 73, 1, 'BODY_CHECK', 'test', '2017-03-19 00:00:00', 1),
(118, 73, 3, 'BODY_CHECK', 'test', '2017-03-19 00:00:00', 3),
(119, 74, 3, 'BODY_CHECK', 'test', '2017-04-26 14:44:17', 1),
(120, 73, 3, 'BODY_CHECK', 'test', '2017-04-19 00:00:00', 3),
(121, 73, 3, 'BODY_CHECK', 'CANVASURI;canvasData\r\nSIGURI;sigData\r\nFIRSTNAME;firstName\r\nLASTNAME;lastName\r\nWHAT;what\r\nWHERE;where\r\nWHEN;when\r\nWHY;why\r\nFIRSTAID;firstAid\r\nRECOMMEND;recommend\r\n', '2017-04-19 00:00:00', 3),
(122, 73, 3, 'BODY_CHECK', 'CANVASURI;canvasData\r\nSIGURI;sigData\r\nFIRSTNAME;firstName\r\nLASTNAME;lastName\r\nWHAT;what\r\nWHERE;where\r\nWHEN;when\r\nWHY;why\r\nFIRSTAID;firstAid\r\nRECOMMEND;recommend\r\n', '2017-04-19 00:00:00', 3),
(123, 73, 3, 'BODY_CHECK', 'CANVASURIKYTTKUCcanvasDataKYTTKUCSIGURIKYTTKUCsigDataKYTTKUCFIRSTNAMEKYTTKUCPizzaKYTTKUCLASTNAMEKYTTKUCHamboKYTTKUCWHATKYTTKUCFallKYTTKUCWHEREKYTTKUCKitchenKYTTKUCWHENKYTTKUC9:00amKYTTKUCWHYKYTTKUCThey SlippedKYTTKUCFIRSTAIDKYTTKUCN/AKYTTKUCRECOMMENDKYTTKUCN/AKYTTKUC', '2017-04-24 00:00:00', 3),
(124, 1, 3, 'BODY_CHECK', 'CANVASURICFFJNUUcanvasDataCFFJNUUSIGURICFFJNUUsigDataCFFJNUUFIRSTNAMECFFJNUUPizzaCFFJNUULASTNAMECFFJNUUHamboCFFJNUUWHATCFFJNUUFallCFFJNUUWHERECFFJNUUKitchenCFFJNUUWHENCFFJNUU9:00amCFFJNUUWHYCFFJNUUThey SlippedCFFJNUUFIRSTAIDCFFJNUUN/ACFFJNUURECOMMENDCFFJNUUN/ACFFJNUU', '2017-04-24 00:00:00', 3),
(125, 1, 3, 'BODY_CHECK', 'CANVASURIQVNEFNMcanvasDataQVNEFNMSIGURIQVNEFNMsigDataQVNEFNMFIRSTNAMEQVNEFNMPizzaQVNEFNMLASTNAMEQVNEFNMHamboQVNEFNMWHATQVNEFNMFallQVNEFNMWHEREQVNEFNMKitchenQVNEFNMWHENQVNEFNM9:00amQVNEFNMWHYQVNEFNMThey SlippedQVNEFNMFIRSTAIDQVNEFNMN/AQVNEFNMRECOMMENDQVNEFNMN/AQVNEFNM', '2017-04-24 00:00:00', 3),
(126, 1, 3, 'BODY_CHECK', 'CANVASURIFWSTOFJcanvasDataFWSTOFJSIGURIFWSTOFJsigDataFWSTOFJFIRSTNAMEFWSTOFJPizzaFWSTOFJLASTNAMEFWSTOFJHamboFWSTOFJWHATFWSTOFJFallFWSTOFJWHEREFWSTOFJKitchenFWSTOFJWHENFWSTOFJ9:00amFWSTOFJWHYFWSTOFJThey SlippedFWSTOFJFIRSTAIDFWSTOFJN/AFWSTOFJRECOMMENDFWSTOFJN/AFWSTOFJ', '2017-04-24 00:00:00', 3),
(127, 1, 3, 'BODY_CHECK', 'CANVASURISQDDCHWcanvasDataSQDDCHWSIGURISQDDCHWsigDataSQDDCHWFIRSTNAMESQDDCHWPizzaSQDDCHWLASTNAMESQDDCHWHamboSQDDCHWWHATSQDDCHWFallSQDDCHWWHERESQDDCHWKitchenSQDDCHWWHENSQDDCHW9:00amSQDDCHWWHYSQDDCHWThey SlippedSQDDCHWFIRSTAIDSQDDCHWN/ASQDDCHWRECOMMENDSQDDCHWN/ASQDDCHW', '2017-04-24 00:00:00', 3),
(128, 1, 3, 'BODY_CHECK', 'CANVASURIIUBLRCUcanvasDataIUBLRCUSIGURIIUBLRCUsigDataIUBLRCUFIRSTNAMEIUBLRCUPizzaIUBLRCULASTNAMEIUBLRCUHamboIUBLRCUWHATIUBLRCUFallIUBLRCUWHEREIUBLRCUKitchenIUBLRCUWHENIUBLRCU9:00amIUBLRCUWHYIUBLRCUThey SlippedIUBLRCUFIRSTAIDIUBLRCUN/AIUBLRCURECOMMENDIUBLRCUN/AIUBLRCU', '2017-04-24 00:00:00', 3),
(270, 1, 3, 'BODY_CHECK', 'CANVASURIKONSLYBcanvasDataKONSLYBSIGURIKONSLYBsigDataKONSLYBFIRSTNAMEKONSLYBPizzaKONSLYBLASTNAMEKONSLYBHamboKONSLYBWHATKONSLYBFallKONSLYBWHEREKONSLYBKitchenKONSLYBWHENKONSLYB9:00amKONSLYBWHYKONSLYBThey SlippedKONSLYBFIRSTAIDKONSLYBN/AKONSLYBRECOMMENDKONSLYBN/AKONSLYB', '2017-04-24 00:00:00', 3),
(271, 73, 3, 'BODY_CHECK', 'CANVASURILRURLPVcanvasDataLRURLPVSIGURILRURLPVsigDataLRURLPVFIRSTNAMELRURLPVPizzaLRURLPVLASTNAMELRURLPVHamboLRURLPVWHATLRURLPVFallLRURLPVWHERELRURLPVKitchenLRURLPVWHENLRURLPV9:00amLRURLPVWHYLRURLPVThey SlippedLRURLPVFIRSTAIDLRURLPVN/ALRURLPVRECOMMENDLRURLPVN/ALRURLPV', '2017-04-24 00:00:00', 3),
(272, 73, 3, 'BODY_CHECK', 'CANVASURIYNFRVNKcanvasDataYNFRVNKSIGURIYNFRVNKsigDataYNFRVNKFIRSTNAMEYNFRVNKPizzaYNFRVNKLASTNAMEYNFRVNKHamboYNFRVNKWHATYNFRVNKFallYNFRVNKWHEREYNFRVNKKitchenYNFRVNKWHENYNFRVNK9:00amYNFRVNKWHYYNFRVNKThey SlippedYNFRVNKFIRSTAIDYNFRVNKN/AYNFRVNKRECOMMENDYNFRVNKN/AYNFRVNK', '2017-04-25 00:00:00', 3),
(273, 73, 3, 'BODY_CHECK', 'CANVASURIHHOGPUJcanvasDataHHOGPUJSIGURIHHOGPUJsigDataHHOGPUJFIRSTNAMEHHOGPUJPizzaHHOGPUJLASTNAMEHHOGPUJHamboHHOGPUJWHATHHOGPUJFallHHOGPUJWHEREHHOGPUJKitchenHHOGPUJWHENHHOGPUJ9:00amHHOGPUJWHYHHOGPUJThey SlippedHHOGPUJFIRSTAIDHHOGPUJN/AHHOGPUJRECOMMENDHHOGPUJN/AHHOGPUJ', '2017-04-25 00:00:00', 3),
(274, 73, 3, 'BODY_CHECK', 'CANVASURIRAPRIKEcanvasDataRAPRIKESIGURIRAPRIKEsigDataRAPRIKEFIRSTNAMERAPRIKEPizzaRAPRIKELASTNAMERAPRIKEHamboRAPRIKEWHATRAPRIKEFallRAPRIKEWHERERAPRIKEKitchenRAPRIKEWHENRAPRIKE9:00amRAPRIKEWHYRAPRIKEThey SlippedRAPRIKEFIRSTAIDRAPRIKEN/ARAPRIKERECOMMENDRAPRIKEN/ARAPRIKE', '2017-04-25 00:00:00', 3),
(275, 73, 3, 'BODY_CHECK', 'CANVASURIVWFQXQIcanvasDataVWFQXQISIGURIVWFQXQIsigDataVWFQXQIFIRSTNAMEVWFQXQIPizzaVWFQXQILASTNAMEVWFQXQIHamboVWFQXQIWHATVWFQXQIFallVWFQXQIWHEREVWFQXQIKitchenVWFQXQIWHENVWFQXQI9:00amVWFQXQIWHYVWFQXQIThey SlippedVWFQXQIFIRSTAIDVWFQXQIN/AVWFQXQIRECOMMENDVWFQXQIN/AVWFQXQI', '2017-04-25 00:00:00', 3),
(276, 73, 3, 'BODY_CHECK', 'CANVASURIANATCNIcanvasDataANATCNISIGURIANATCNIsigDataANATCNIFIRSTNAMEANATCNIPizzaANATCNILASTNAMEANATCNIHamboANATCNIWHATANATCNIFallANATCNIWHEREANATCNIKitchenANATCNIWHENANATCNI9:00amANATCNIWHYANATCNIThey SlippedANATCNIFIRSTAIDANATCNIN/AANATCNIRECOMMENDANATCNIN/AANATCNI', '2017-04-25 00:00:00', 3),
(277, 73, 3, 'BODY_CHECK', 'CANVASURIOFNCNKWcanvasDataOFNCNKWSIGURIOFNCNKWsigDataOFNCNKWFIRSTNAMEOFNCNKWPizzaOFNCNKWLASTNAMEOFNCNKWHamboOFNCNKWWHATOFNCNKWFallOFNCNKWWHEREOFNCNKWKitchenOFNCNKWWHENOFNCNKW9:00amOFNCNKWWHYOFNCNKWThey SlippedOFNCNKWFIRSTAIDOFNCNKWN/AOFNCNKWRECOMMENDOFNCNKWN/AOFNCNKW', '2017-04-25 00:00:00', 3),
(278, 73, 3, 'BODY_CHECK', 'CANVASURILXEWBBPcanvasDataLXEWBBPSIGURILXEWBBPsigDataLXEWBBPFIRSTNAMELXEWBBPPizzaLXEWBBPLASTNAMELXEWBBPHamboLXEWBBPWHATLXEWBBPFallLXEWBBPWHERELXEWBBPKitchenLXEWBBPWHENLXEWBBP9:00amLXEWBBPWHYLXEWBBPThey SlippedLXEWBBPFIRSTAIDLXEWBBPN/ALXEWBBPRECOMMENDLXEWBBPN/ALXEWBBP', '2017-04-25 00:00:00', 3),
(279, 73, 3, 'BODY_CHECK', 'CANVASURITVPYDKBcanvasDataTVPYDKBSIGURITVPYDKBsigDataTVPYDKBFIRSTNAMETVPYDKBPizzaTVPYDKBLASTNAMETVPYDKBHamboTVPYDKBWHATTVPYDKBFallTVPYDKBWHERETVPYDKBKitchenTVPYDKBWHENTVPYDKB9:00amTVPYDKBWHYTVPYDKBThey SlippedTVPYDKBFIRSTAIDTVPYDKBN/ATVPYDKBRECOMMENDTVPYDKBN/ATVPYDKB', '2017-04-25 00:00:00', 3),
(280, 73, 3, 'BODY_CHECK', 'CANVASURIJSWMLXOcanvasDataJSWMLXOSIGURIJSWMLXOsigDataJSWMLXOFIRSTNAMEJSWMLXOPizzaJSWMLXOLASTNAMEJSWMLXOHamboJSWMLXOWHATJSWMLXOFallJSWMLXOWHEREJSWMLXOKitchenJSWMLXOWHENJSWMLXO9:00amJSWMLXOWHYJSWMLXOThey SlippedJSWMLXOFIRSTAIDJSWMLXON/AJSWMLXORECOMMENDJSWMLXON/AJSWMLXO', '2017-04-25 00:00:00', 3),
(281, 73, 3, 'BODY_CHECK', 'CANVASURIPQVLXQKcanvasDataPQVLXQKSIGURIPQVLXQKsigDataPQVLXQKFIRSTNAMEPQVLXQKPizzaPQVLXQKLASTNAMEPQVLXQKHamboPQVLXQKWHATPQVLXQKFallPQVLXQKWHEREPQVLXQKKitchenPQVLXQKWHENPQVLXQK9:00amPQVLXQKWHYPQVLXQKThey SlippedPQVLXQKFIRSTAIDPQVLXQKN/APQVLXQKRECOMMENDPQVLXQKN/APQVLXQK', '2017-04-25 00:00:00', 3),
(282, 73, 3, 'BODY_CHECK', 'CANVASURIGBWGWDBcanvasDataGBWGWDBSIGURIGBWGWDBsigDataGBWGWDBFIRSTNAMEGBWGWDBPizzaGBWGWDBLASTNAMEGBWGWDBHamboGBWGWDBWHATGBWGWDBFallGBWGWDBWHEREGBWGWDBKitchenGBWGWDBWHENGBWGWDB9:00amGBWGWDBWHYGBWGWDBThey SlippedGBWGWDBFIRSTAIDGBWGWDBN/AGBWGWDBRECOMMENDGBWGWDBN/AGBWGWDB', '2017-04-25 00:00:00', 3),
(283, 73, 3, 'BODY_CHECK', 'CANVASURIDHFGRERcanvasDataDHFGRERSIGURIDHFGRERsigDataDHFGRERFIRSTNAMEDHFGRERPizzaDHFGRERLASTNAMEDHFGRERHamboDHFGRERWHATDHFGRERFallDHFGRERWHEREDHFGRERKitchenDHFGRERWHENDHFGRER9:00amDHFGRERWHYDHFGRERThey SlippedDHFGRERFIRSTAIDDHFGRERN/ADHFGRERRECOMMENDDHFGRERN/ADHFGRER', '2017-04-25 00:00:00', 3),
(284, 73, 3, 'BODY_CHECK', 'CANVASURIPHCOEBGcanvasDataPHCOEBGSIGURIPHCOEBGsigDataPHCOEBGFIRSTNAMEPHCOEBGPizzaPHCOEBGLASTNAMEPHCOEBGHamboPHCOEBGWHATPHCOEBGFallPHCOEBGWHEREPHCOEBGKitchenPHCOEBGWHENPHCOEBG9:00amPHCOEBGWHYPHCOEBGThey SlippedPHCOEBGFIRSTAIDPHCOEBGN/APHCOEBGRECOMMENDPHCOEBGN/APHCOEBG', '2017-04-25 00:00:00', 3),
(285, 73, 3, 'BODY_CHECK', 'CANVASURIWBLMCSMcanvasDataWBLMCSMSIGURIWBLMCSMsigDataWBLMCSMFIRSTNAMEWBLMCSMPizzaWBLMCSMLASTNAMEWBLMCSMHamboWBLMCSMWHATWBLMCSMFallWBLMCSMWHEREWBLMCSMKitchenWBLMCSMWHENWBLMCSM9:00amWBLMCSMWHYWBLMCSMThey SlippedWBLMCSMFIRSTAIDWBLMCSMN/AWBLMCSMRECOMMENDWBLMCSMN/AWBLMCSM', '2017-04-25 00:00:00', 3),
(286, 73, 3, 'BODY_CHECK', 'CANVASURIMLBVLHFcanvasDataMLBVLHFSIGURIMLBVLHFsigDataMLBVLHFFIRSTNAMEMLBVLHFPizzaMLBVLHFLASTNAMEMLBVLHFHamboMLBVLHFWHATMLBVLHFFallMLBVLHFWHEREMLBVLHFKitchenMLBVLHFWHENMLBVLHF9:00amMLBVLHFWHYMLBVLHFThey SlippedMLBVLHFFIRSTAIDMLBVLHFN/AMLBVLHFRECOMMENDMLBVLHFN/AMLBVLHF', '2017-04-25 00:00:00', 3),
(287, 73, 3, 'BODY_CHECK', 'CANVASURIRSJEQWEcanvasDataRSJEQWESIGURIRSJEQWEsigDataRSJEQWEFIRSTNAMERSJEQWEPizzaRSJEQWELASTNAMERSJEQWEHamboRSJEQWEWHATRSJEQWEFallRSJEQWEWHERERSJEQWEKitchenRSJEQWEWHENRSJEQWE9:00amRSJEQWEWHYRSJEQWEThey SlippedRSJEQWEFIRSTAIDRSJEQWEN/ARSJEQWERECOMMENDRSJEQWEN/ARSJEQWE', '2017-04-25 00:00:00', 3),
(288, 1, 3, 'BODY_CHECK', 'CANVASURIOCINOWWcanvasDataOCINOWWSIGURIOCINOWWsigDataOCINOWWFIRSTNAMEOCINOWWPizzaOCINOWWLASTNAMEOCINOWWHamboOCINOWWWHATOCINOWWFallOCINOWWWHEREOCINOWWKitchenOCINOWWWHENOCINOWW9:00amOCINOWWWHYOCINOWWThey SlippedOCINOWWFIRSTAIDOCINOWWN/AOCINOWWRECOMMENDOCINOWWN/AOCINOWW', '2017-04-25 00:00:00', 3),
(289, 1, 3, 'BODY_CHECK', 'CANVASURIQXSNYXWcanvasDataQXSNYXWSIGURIQXSNYXWsigDataQXSNYXWFIRSTNAMEQXSNYXWPizzaQXSNYXWLASTNAMEQXSNYXWHamboQXSNYXWWHATQXSNYXWFallQXSNYXWWHEREQXSNYXWKitchenQXSNYXWWHENQXSNYXW9:00amQXSNYXWWHYQXSNYXWThey SlippedQXSNYXWFIRSTAIDQXSNYXWN/AQXSNYXWRECOMMENDQXSNYXWN/AQXSNYXW', '2017-04-25 00:00:00', 3),
(290, 1, 3, 'BODY_CHECK', 'CANVASURIUVPLWGJcanvasDataUVPLWGJSIGURIUVPLWGJsigDataUVPLWGJFIRSTNAMEUVPLWGJPizzaUVPLWGJLASTNAMEUVPLWGJHamboUVPLWGJWHATUVPLWGJFallUVPLWGJWHEREUVPLWGJKitchenUVPLWGJWHENUVPLWGJ9:00amUVPLWGJWHYUVPLWGJThey SlippedUVPLWGJFIRSTAIDUVPLWGJN/AUVPLWGJRECOMMENDUVPLWGJN/AUVPLWGJ', '2017-04-25 00:00:00', 3),
(291, 1, 3, 'BODY_CHECK', 'CANVASURIYOBEISAcanvasDataYOBEISASIGURIYOBEISAsigDataYOBEISAFIRSTNAMEYOBEISAPizzaYOBEISALASTNAMEYOBEISAHamboYOBEISAWHATYOBEISAFallYOBEISAWHEREYOBEISAKitchenYOBEISAWHENYOBEISA9:00amYOBEISAWHYYOBEISAThey SlippedYOBEISAFIRSTAIDYOBEISAN/AYOBEISARECOMMENDYOBEISAN/AYOBEISA', '2017-04-25 00:00:00', 3),
(292, 1, 3, 'BODY_CHECK', 'CANVASURIHQPCSWOcanvasDataHQPCSWOSIGURIHQPCSWOsigDataHQPCSWOFIRSTNAMEHQPCSWOPizzaHQPCSWOLASTNAMEHQPCSWOHamboHQPCSWOWHATHQPCSWOFallHQPCSWOWHEREHQPCSWOKitchenHQPCSWOWHENHQPCSWO9:00amHQPCSWOWHYHQPCSWOThey SlippedHQPCSWOFIRSTAIDHQPCSWON/AHQPCSWORECOMMENDHQPCSWON/AHQPCSWO', '2017-04-25 00:00:00', 3),
(293, 1, 3, 'BODY_CHECK', 'CANVASURIIKMWAHVcanvasDataIKMWAHVSIGURIIKMWAHVsigDataIKMWAHVFIRSTNAMEIKMWAHVPizzaIKMWAHVLASTNAMEIKMWAHVHamboIKMWAHVWHATIKMWAHVFallIKMWAHVWHEREIKMWAHVKitchenIKMWAHVWHENIKMWAHV9:00amIKMWAHVWHYIKMWAHVThey SlippedIKMWAHVFIRSTAIDIKMWAHVN/AIKMWAHVRECOMMENDIKMWAHVN/AIKMWAHV', '2017-04-25 00:00:00', 3),
(294, 1, 3, 'BODY_CHECK', 'CANVASURIXGKCOCRcanvasDataXGKCOCRSIGURIXGKCOCRsigDataXGKCOCRFIRSTNAMEXGKCOCRPizzaXGKCOCRLASTNAMEXGKCOCRHamboXGKCOCRWHATXGKCOCRFallXGKCOCRWHEREXGKCOCRKitchenXGKCOCRWHENXGKCOCR9:00amXGKCOCRWHYXGKCOCRThey SlippedXGKCOCRFIRSTAIDXGKCOCRN/AXGKCOCRRECOMMENDXGKCOCRN/AXGKCOCR', '2017-04-25 00:00:00', 3),
(295, 1, 3, 'BODY_CHECK', 'CANVASURIEVHXHCYcanvasDataEVHXHCYSIGURIEVHXHCYsigDataEVHXHCYFIRSTNAMEEVHXHCYPizzaEVHXHCYLASTNAMEEVHXHCYHamboEVHXHCYWHATEVHXHCYFallEVHXHCYWHEREEVHXHCYKitchenEVHXHCYWHENEVHXHCY9:00amEVHXHCYWHYEVHXHCYThey SlippedEVHXHCYFIRSTAIDEVHXHCYN/AEVHXHCYRECOMMENDEVHXHCYN/AEVHXHCY', '2017-04-26 00:00:00', 3),
(296, 1, 3, 'BODY_CHECK', 'CANVASURIHKOXKEIcanvasDataHKOXKEISIGURIHKOXKEIsigDataHKOXKEIFIRSTNAMEHKOXKEIPizzaHKOXKEILASTNAMEHKOXKEIHamboHKOXKEIWHATHKOXKEIFallHKOXKEIWHEREHKOXKEIKitchenHKOXKEIWHENHKOXKEI9:00amHKOXKEIWHYHKOXKEIThey SlippedHKOXKEIFIRSTAIDHKOXKEIN/AHKOXKEIRECOMMENDHKOXKEIN/AHKOXKEI', '2017-04-26 00:00:00', 3),
(297, 1, 3, 'BODY_CHECK', 'CANVASURISELEPFHcanvasDataSELEPFHSIGURISELEPFHsigDataSELEPFHFIRSTNAMESELEPFHPizzaSELEPFHLASTNAMESELEPFHHamboSELEPFHWHATSELEPFHFallSELEPFHWHERESELEPFHKitchenSELEPFHWHENSELEPFH9:00amSELEPFHWHYSELEPFHThey SlippedSELEPFHFIRSTAIDSELEPFHN/ASELEPFHRECOMMENDSELEPFHN/ASELEPFH', '2017-04-26 00:00:00', 3),
(298, 1, 3, 'BODY_CHECK', 'CANVASURIVNYEJXXcanvasDataVNYEJXXSIGURIVNYEJXXsigDataVNYEJXXFIRSTNAMEVNYEJXXPizzaVNYEJXXLASTNAMEVNYEJXXHamboVNYEJXXWHATVNYEJXXFallVNYEJXXWHEREVNYEJXXKitchenVNYEJXXWHENVNYEJXX9:00amVNYEJXXWHYVNYEJXXThey SlippedVNYEJXXFIRSTAIDVNYEJXXN/AVNYEJXXRECOMMENDVNYEJXXN/AVNYEJXX', '2017-04-26 00:00:00', 3),
(299, 1, 3, 'BODY_CHECK', 'CANVASURIWFHXOVQcanvasDataWFHXOVQSIGURIWFHXOVQsigDataWFHXOVQFIRSTNAMEWFHXOVQPizzaWFHXOVQLASTNAMEWFHXOVQHamboWFHXOVQWHATWFHXOVQFallWFHXOVQWHEREWFHXOVQKitchenWFHXOVQWHENWFHXOVQ9:00amWFHXOVQWHYWFHXOVQThey SlippedWFHXOVQFIRSTAIDWFHXOVQN/AWFHXOVQRECOMMENDWFHXOVQN/AWFHXOVQ', '2017-04-26 00:00:00', 3),
(300, 1, 3, 'BODY_CHECK', 'CANVASURIJMFREGKcanvasDataJMFREGKSIGURIJMFREGKsigDataJMFREGKFIRSTNAMEJMFREGKPizzaJMFREGKLASTNAMEJMFREGKHamboJMFREGKWHATJMFREGKFallJMFREGKWHEREJMFREGKKitchenJMFREGKWHENJMFREGK9:00amJMFREGKWHYJMFREGKThey SlippedJMFREGKFIRSTAIDJMFREGKN/AJMFREGKRECOMMENDJMFREGKN/AJMFREGK', '2017-04-26 00:00:00', 3),
(301, 1, 3, 'BODY_CHECK', 'CANVASURIEMMAKWRcanvasDataEMMAKWRSIGURIEMMAKWRsigDataEMMAKWRFIRSTNAMEEMMAKWRPizzaEMMAKWRLASTNAMEEMMAKWRHamboEMMAKWRWHATEMMAKWRFallEMMAKWRWHEREEMMAKWRKitchenEMMAKWRWHENEMMAKWR9:00amEMMAKWRWHYEMMAKWRThey SlippedEMMAKWRFIRSTAIDEMMAKWRN/AEMMAKWRRECOMMENDEMMAKWRN/AEMMAKWR', '2017-04-26 00:00:00', 3),
(302, 1, 3, 'BODY_CHECK', 'CANVASURIYGGMUOOcanvasDataYGGMUOOSIGURIYGGMUOOsigDataYGGMUOOFIRSTNAMEYGGMUOOPizzaYGGMUOOLASTNAMEYGGMUOOHamboYGGMUOOWHATYGGMUOOFallYGGMUOOWHEREYGGMUOOKitchenYGGMUOOWHENYGGMUOO9:00amYGGMUOOWHYYGGMUOOThey SlippedYGGMUOOFIRSTAIDYGGMUOON/AYGGMUOORECOMMENDYGGMUOON/AYGGMUOO', '2017-04-26 00:00:00', 3),
(303, 1, 3, 'BODY_CHECK', 'CANVASURILRXWLFGcanvasDataLRXWLFGSIGURILRXWLFGsigDataLRXWLFGFIRSTNAMELRXWLFGPizzaLRXWLFGLASTNAMELRXWLFGHamboLRXWLFGWHATLRXWLFGFallLRXWLFGWHERELRXWLFGKitchenLRXWLFGWHENLRXWLFG9:00amLRXWLFGWHYLRXWLFGThey SlippedLRXWLFGFIRSTAIDLRXWLFGN/ALRXWLFGRECOMMENDLRXWLFGN/ALRXWLFG', '2017-04-26 00:00:00', 3),
(304, 1, 3, 'BODY_CHECK', 'CANVASURIGOVJYYGcanvasDataGOVJYYGSIGURIGOVJYYGsigDataGOVJYYGFIRSTNAMEGOVJYYGPizzaGOVJYYGLASTNAMEGOVJYYGHamboGOVJYYGWHATGOVJYYGFallGOVJYYGWHEREGOVJYYGKitchenGOVJYYGWHENGOVJYYG9:00amGOVJYYGWHYGOVJYYGThey SlippedGOVJYYGFIRSTAIDGOVJYYGN/AGOVJYYGRECOMMENDGOVJYYGN/AGOVJYYG', '2017-04-26 00:00:00', 3),
(305, 1, 3, 'BODY_CHECK', 'CANVASURIMCMMTOJcanvasDataMCMMTOJSIGURIMCMMTOJsigDataMCMMTOJFIRSTNAMEMCMMTOJPizzaMCMMTOJLASTNAMEMCMMTOJHamboMCMMTOJWHATMCMMTOJFallMCMMTOJWHEREMCMMTOJKitchenMCMMTOJWHENMCMMTOJ9:00amMCMMTOJWHYMCMMTOJThey SlippedMCMMTOJFIRSTAIDMCMMTOJN/AMCMMTOJRECOMMENDMCMMTOJN/AMCMMTOJ', '2017-04-26 00:00:00', 3),
(306, 1, 3, 'BODY_CHECK', 'CANVASURIGUOTQKDcanvasDataGUOTQKDSIGURIGUOTQKDsigDataGUOTQKDFIRSTNAMEGUOTQKDPizzaGUOTQKDLASTNAMEGUOTQKDHamboGUOTQKDWHATGUOTQKDFallGUOTQKDWHEREGUOTQKDKitchenGUOTQKDWHENGUOTQKD9:00amGUOTQKDWHYGUOTQKDThey SlippedGUOTQKDFIRSTAIDGUOTQKDN/AGUOTQKDRECOMMENDGUOTQKDN/AGUOTQKD', '2017-04-26 00:00:00', 3),
(307, 1, 3, 'BODY_CHECK', 'CANVASURIHKPFHQVcanvasDataHKPFHQVSIGURIHKPFHQVsigDataHKPFHQVFIRSTNAMEHKPFHQVPizzaHKPFHQVLASTNAMEHKPFHQVHamboHKPFHQVWHATHKPFHQVFallHKPFHQVWHEREHKPFHQVKitchenHKPFHQVWHENHKPFHQV9:00amHKPFHQVWHYHKPFHQVThey SlippedHKPFHQVFIRSTAIDHKPFHQVN/AHKPFHQVRECOMMENDHKPFHQVN/AHKPFHQV', '2017-04-26 00:00:00', 3),
(308, 1, 3, 'BODY_CHECK', 'CANVASURIPALGWXAcanvasDataPALGWXASIGURIPALGWXAsigDataPALGWXAFIRSTNAMEPALGWXAPizzaPALGWXALASTNAMEPALGWXAHamboPALGWXAWHATPALGWXAFallPALGWXAWHEREPALGWXAKitchenPALGWXAWHENPALGWXA9:00amPALGWXAWHYPALGWXAThey SlippedPALGWXAFIRSTAIDPALGWXAN/APALGWXARECOMMENDPALGWXAN/APALGWXA', '2017-04-26 00:00:00', 3),
(309, 1, 3, 'BODY_CHECK', 'CANVASURIYAGGDHPcanvasDataYAGGDHPSIGURIYAGGDHPsigDataYAGGDHPFIRSTNAMEYAGGDHPPizzaYAGGDHPLASTNAMEYAGGDHPHamboYAGGDHPWHATYAGGDHPFallYAGGDHPWHEREYAGGDHPKitchenYAGGDHPWHENYAGGDHP9:00amYAGGDHPWHYYAGGDHPThey SlippedYAGGDHPFIRSTAIDYAGGDHPN/AYAGGDHPRECOMMENDYAGGDHPN/AYAGGDHP', '2017-04-26 00:00:00', 3),
(310, 1, 3, 'BODY_CHECK', 'CANVASURINYCXDTBcanvasDataNYCXDTBSIGURINYCXDTBsigDataNYCXDTBFIRSTNAMENYCXDTBPizzaNYCXDTBLASTNAMENYCXDTBHamboNYCXDTBWHATNYCXDTBFallNYCXDTBWHERENYCXDTBKitchenNYCXDTBWHENNYCXDTB9:00amNYCXDTBWHYNYCXDTBThey SlippedNYCXDTBFIRSTAIDNYCXDTBN/ANYCXDTBRECOMMENDNYCXDTBN/ANYCXDTB', '2017-04-26 00:00:00', 3),
(311, 1, 3, 'BODY_CHECK', 'CANVASURIALRXWWPcanvasDataALRXWWPSIGURIALRXWWPsigDataALRXWWPFIRSTNAMEALRXWWPPizzaALRXWWPLASTNAMEALRXWWPHamboALRXWWPWHATALRXWWPFallALRXWWPWHEREALRXWWPKitchenALRXWWPWHENALRXWWP9:00amALRXWWPWHYALRXWWPThey SlippedALRXWWPFIRSTAIDALRXWWPN/AALRXWWPRECOMMENDALRXWWPN/AALRXWWP', '2017-04-26 00:00:00', 3),
(312, 1, 3, 'BODY_CHECK', 'CANVASURIXCRURQFcanvasDataXCRURQFSIGURIXCRURQFsigDataXCRURQFFIRSTNAMEXCRURQFPizzaXCRURQFLASTNAMEXCRURQFHamboXCRURQFWHATXCRURQFFallXCRURQFWHEREXCRURQFKitchenXCRURQFWHENXCRURQF9:00amXCRURQFWHYXCRURQFThey SlippedXCRURQFFIRSTAIDXCRURQFN/AXCRURQFRECOMMENDXCRURQFN/AXCRURQF', '2017-04-26 00:00:00', 3),
(313, 1, 3, 'BODY_CHECK', 'CANVASURIQKYYBFCcanvasDataQKYYBFCSIGURIQKYYBFCsigDataQKYYBFCFIRSTNAMEQKYYBFCPizzaQKYYBFCLASTNAMEQKYYBFCHamboQKYYBFCWHATQKYYBFCFallQKYYBFCWHEREQKYYBFCKitchenQKYYBFCWHENQKYYBFC9:00amQKYYBFCWHYQKYYBFCThey SlippedQKYYBFCFIRSTAIDQKYYBFCN/AQKYYBFCRECOMMENDQKYYBFCN/AQKYYBFC', '2017-04-26 00:00:00', 3),
(314, 1, 3, 'BODY_CHECK', 'CANVASURIBXOIKVIcanvasDataBXOIKVISIGURIBXOIKVIsigDataBXOIKVIFIRSTNAMEBXOIKVIPizzaBXOIKVILASTNAMEBXOIKVIHamboBXOIKVIWHATBXOIKVIFallBXOIKVIWHEREBXOIKVIKitchenBXOIKVIWHENBXOIKVI9:00amBXOIKVIWHYBXOIKVIThey SlippedBXOIKVIFIRSTAIDBXOIKVIN/ABXOIKVIRECOMMENDBXOIKVIN/ABXOIKVI', '2017-04-26 00:00:00', 3),
(315, 1, 3, 'BODY_CHECK', 'CANVASURISTWTCOIcanvasDataSTWTCOISIGURISTWTCOIsigDataSTWTCOIFIRSTNAMESTWTCOIPizzaSTWTCOILASTNAMESTWTCOIHamboSTWTCOIWHATSTWTCOIFallSTWTCOIWHERESTWTCOIKitchenSTWTCOIWHENSTWTCOI9:00amSTWTCOIWHYSTWTCOIThey SlippedSTWTCOIFIRSTAIDSTWTCOIN/ASTWTCOIRECOMMENDSTWTCOIN/ASTWTCOI', '2017-04-26 00:00:00', 3),
(316, 1, 3, 'BODY_CHECK', 'CANVASURIFJYAEKScanvasDataFJYAEKSSIGURIFJYAEKSsigDataFJYAEKSFIRSTNAMEFJYAEKSPizzaFJYAEKSLASTNAMEFJYAEKSHamboFJYAEKSWHATFJYAEKSFallFJYAEKSWHEREFJYAEKSKitchenFJYAEKSWHENFJYAEKS9:00amFJYAEKSWHYFJYAEKSThey SlippedFJYAEKSFIRSTAIDFJYAEKSN/AFJYAEKSRECOMMENDFJYAEKSN/AFJYAEKS', '2017-04-26 00:00:00', 3),
(317, 1, 3, 'BODY_CHECK', 'CANVASURIEMSLCDCcanvasDataEMSLCDCSIGURIEMSLCDCsigDataEMSLCDCFIRSTNAMEEMSLCDCPizzaEMSLCDCLASTNAMEEMSLCDCHamboEMSLCDCWHATEMSLCDCFallEMSLCDCWHEREEMSLCDCKitchenEMSLCDCWHENEMSLCDC9:00amEMSLCDCWHYEMSLCDCThey SlippedEMSLCDCFIRSTAIDEMSLCDCN/AEMSLCDCRECOMMENDEMSLCDCN/AEMSLCDC', '2017-04-26 00:00:00', 3),
(318, 1, 3, 'BODY_CHECK', 'CANVASURIDQCDJGBcanvasDataDQCDJGBSIGURIDQCDJGBsigDataDQCDJGBFIRSTNAMEDQCDJGBPizzaDQCDJGBLASTNAMEDQCDJGBHamboDQCDJGBWHATDQCDJGBFallDQCDJGBWHEREDQCDJGBKitchenDQCDJGBWHENDQCDJGB9:00amDQCDJGBWHYDQCDJGBThey SlippedDQCDJGBFIRSTAIDDQCDJGBN/ADQCDJGBRECOMMENDDQCDJGBN/ADQCDJGB', '2017-04-26 00:00:00', 3),
(319, 1, 3, 'BODY_CHECK', 'CANVASURIPSWSUGRcanvasDataPSWSUGRSIGURIPSWSUGRsigDataPSWSUGRFIRSTNAMEPSWSUGRPizzaPSWSUGRLASTNAMEPSWSUGRHamboPSWSUGRWHATPSWSUGRFallPSWSUGRWHEREPSWSUGRKitchenPSWSUGRWHENPSWSUGR9:00amPSWSUGRWHYPSWSUGRThey SlippedPSWSUGRFIRSTAIDPSWSUGRN/APSWSUGRRECOMMENDPSWSUGRN/APSWSUGR', '2017-04-26 00:00:00', 3),
(320, 1, 3, 'BODY_CHECK', 'CANVASURIIUYVCGEcanvasDataIUYVCGESIGURIIUYVCGEsigDataIUYVCGEFIRSTNAMEIUYVCGEPizzaIUYVCGELASTNAMEIUYVCGEHamboIUYVCGEWHATIUYVCGEFallIUYVCGEWHEREIUYVCGEKitchenIUYVCGEWHENIUYVCGE9:00amIUYVCGEWHYIUYVCGEThey SlippedIUYVCGEFIRSTAIDIUYVCGEN/AIUYVCGERECOMMENDIUYVCGEN/AIUYVCGE', '2017-04-26 00:00:00', 3),
(321, 1, 3, 'BODY_CHECK', 'CANVASURIXOEMBPPcanvasDataXOEMBPPSIGURIXOEMBPPsigDataXOEMBPPFIRSTNAMEXOEMBPPPizzaXOEMBPPLASTNAMEXOEMBPPHamboXOEMBPPWHATXOEMBPPFallXOEMBPPWHEREXOEMBPPKitchenXOEMBPPWHENXOEMBPP9:00amXOEMBPPWHYXOEMBPPThey SlippedXOEMBPPFIRSTAIDXOEMBPPN/AXOEMBPPRECOMMENDXOEMBPPN/AXOEMBPP', '2017-04-26 00:00:00', 3),
(322, 1, 3, 'BODY_CHECK', 'CANVASURIXDXLWWVcanvasDataXDXLWWVSIGURIXDXLWWVsigDataXDXLWWVFIRSTNAMEXDXLWWVPizzaXDXLWWVLASTNAMEXDXLWWVHamboXDXLWWVWHATXDXLWWVFallXDXLWWVWHEREXDXLWWVKitchenXDXLWWVWHENXDXLWWV9:00amXDXLWWVWHYXDXLWWVThey SlippedXDXLWWVFIRSTAIDXDXLWWVN/AXDXLWWVRECOMMENDXDXLWWVN/AXDXLWWV', '2017-04-26 00:00:00', 3),
(323, 1, 3, 'BODY_CHECK', 'CANVASURIHAIESHKdata:image/png;base64,iVBORw0KGgoAAAANSUhEUgAAAqEAAAICCAYAAAD/KhQeAAAbtklEQVR4Xu3WMQ0AAAzDsJU/6bHI5RGoZO3IzhEgQIAAAQIECBCIBRbvmSNAgAABAgQIECBwItQTECBAgAABAgQI5AIiNCc3SIAAAQIECBAgIEL9AAECBAgQIECAQC4gQnNygwQIECBAgAABAiLUDxAgQIAAAQIECOQCIjQnN0iAAAECBAgQICBC/QABAgQIECBAgEAuIEJzcoMECBAgQIAAAQIi1A8QIECAAAECBAjkAiI0JzdIgAABAgQIECAgQv0AAQIECBAgQIBALiBCc3KDBAgQIECAAAECItQPECBAgAABAgQI5AIiNCc3SIAAAQIECBAgIEL9AAECBAgQIECAQC4gQnNygwQIECBAgAABAiLUDxAgQIAAAQIECOQCIjQnN0iAAAECBAgQICBC/QABAgQIECBAgEAuIEJzcoMECBAgQIAAAQIi1A8QIECAAAECBAjkAiI0JzdIgAABAgQIECAgQv0AAQIECBAgQIBALiBCc3KDBAgQIECAAAECItQPECBAgAABAgQI5AIiNCc3SIAAAQIECBAgIEL9AAECBAgQIECAQC4gQnNygwQIECBAgAABAiLUDxAgQIAAAQIECOQCIjQnN0iAAAECBAgQICBC/QABAgQIECBAgEAuIEJzcoMECBAgQIAAAQIi1A8QIECAAAECBAjkAiI0JzdIgAABAgQIECAgQv0AAQIECBAgQIBALiBCc3KDBAgQIECAAAECItQPECBAgAABAgQI5AIiNCc3SIAAAQIECBAgIEL9AAECBAgQIECAQC4gQnNygwQIECBAgAABAiLUDxAgQIAAAQIECOQCIjQnN0iAAAECBAgQICBC/QABAgQIECBAgEAuIEJzcoMECBAgQIAAAQIi1A8QIECAAAECBAjkAiI0JzdIgAABAgQIECAgQv0AAQIECBAgQIBALiBCc3KDBAgQIECAAAECItQPECBAgAABAgQI5AIiNCc3SIAAAQIECBAgIEL9AAECBAgQIECAQC4gQnNygwQIECBAgAABAiLUDxAgQIAAAQIECOQCIjQnN0iAAAECBAgQICBC/QABAgQIECBAgEAuIEJzcoMECBAgQIAAAQIi1A8QIECAAAECBAjkAiI0JzdIgAABAgQIECAgQv0AAQIECBAgQIBALiBCc3KDBAgQIECAAAECItQPECBAgAABAgQI5AIiNCc3SIAAAQIECBAgIEL9AAECBAgQIECAQC4gQnNygwQIECBAgAABAiLUDxAgQIAAAQIECOQCIjQnN0iAAAECBAgQICBC/QABAgQIECBAgEAuIEJzcoMECBAgQIAAAQIi1A8QIECAAAECBAjkAiI0JzdIgAABAgQIECAgQv0AAQIECBAgQIBALiBCc3KDBAgQIECAAAECItQPECBAgAABAgQI5AIiNCc3SIAAAQIECBAgIEL9AAECBAgQIECAQC4gQnNygwQIECBAgAABAiLUDxAgQIAAAQIECOQCIjQnN0iAAAECBAgQICBC/QABAgQIECBAgEAuIEJzcoMECBAgQIAAAQIi1A8QIECAAAECBAjkAiI0JzdIgAABAgQIECAgQv0AAQIECBAgQIBALiBCc3KDBAgQIECAAAECItQPECBAgAABAgQI5AIiNCc3SIAAAQIECBAgIEL9AAECBAgQIECAQC4gQnNygwQIECBAgAABAiLUDxAgQIAAAQIECOQCIjQnN0iAAAECBAgQICBC/QABAgQIECBAgEAuIEJzcoMECBAgQIAAAQIi1A8QIECAAAECBAjkAiI0JzdIgAABAgQIECAgQv0AAQIECBAgQIBALiBCc3KDBAgQIECAAAECItQPECBAgAABAgQI5AIiNCc3SIAAAQIECBAgIEL9AAECBAgQIECAQC4gQnNygwQIECBAgAABAiLUDxAgQIAAAQIECOQCIjQnN0iAAAECBAgQICBC/QABAgQIECBAgEAuIEJzcoMECBAgQIAAAQIi1A8QIECAAAECBAjkAiI0JzdIgAABAgQIECAgQv0AAQIECBAgQIBALiBCc3KDBAgQIECAAAECItQPECBAgAABAgQI5AIiNCc3SIAAAQIECBAgIEL9AAECBAgQIECAQC4gQnNygwQIECBAgAABAiLUDxAgQIAAAQIECOQCIjQnN0iAAAECBAgQICBC/QABAgQIECBAgEAuIEJzcoMECBAgQIAAAQIi1A8QIECAAAECBAjkAiI0JzdIgAABAgQIECAgQv0AAQIECBAgQIBALiBCc3KDBAgQIECAAAECItQPECBAgAABAgQI5AIiNCc3SIAAAQIECBAgIEL9AAECBAgQIECAQC4gQnNygwQIECBAgAABAiLUDxAgQIAAAQIECOQCIjQnN0iAAAECBAgQICBC/QABAgQIECBAgEAuIEJzcoMECBAgQIAAAQIi1A8QIECAAAECBAjkAiI0JzdIgAABAgQIECAgQv0AAQIECBAgQIBALiBCc3KDBAgQIECAAAECItQPECBAgAABAgQI5AIiNCc3SIAAAQIECBAgIEL9AAECBAgQIECAQC4gQnNygwQIECBAgAABAiLUDxAgQIAAAQIECOQCIjQnN0iAAAECBAgQICBC/QABAgQIECBAgEAuIEJzcoMECBAgQIAAAQIi1A8QIECAAAECBAjkAiI0JzdIgAABAgQIECAgQv0AAQIECBAgQIBALiBCc3KDBAgQIECAAAECItQPECBAgAABAgQI5AIiNCc3SIAAAQIECBAgIEL9AAECBAgQIECAQC4gQnNygwQIECBAgAABAiLUDxAgQIAAAQIECOQCIjQnN0iAAAECBAgQICBC/QABAgQIECBAgEAuIEJzcoMECBAgQIAAAQIi1A8QIECAAAECBAjkAiI0JzdIgAABAgQIECAgQv0AAQIECBAgQIBALiBCc3KDBAgQIECAAAECItQPECBAgAABAgQI5AIiNCc3SIAAAQIECBAgIEL9AAECBAgQIECAQC4gQnNygwQIECBAgAABAiLUDxAgQIAAAQIECOQCIjQnN0iAAAECBAgQICBC/QABAgQIECBAgEAuIEJzcoMECBAgQIAAAQIi1A8QIECAAAECBAjkAiI0JzdIgAABAgQIECAgQv0AAQIECBAgQIBALiBCc3KDBAgQIECAAAECItQPECBAgAABAgQI5AIiNCc3SIAAAQIECBAgIEL9AAECBAgQIECAQC4gQnNygwQIECBAgAABAiLUDxAgQIAAAQIECOQCIjQnN0iAAAECBAgQICBC/QABAgQIECBAgEAuIEJzcoMECBAgQIAAAQIi1A8QIECAAAECBAjkAiI0JzdIgAABAgQIECAgQv0AAQIECBAgQIBALiBCc3KDBAgQIECAAAECItQPECBAgAABAgQI5AIiNCc3SIAAAQIECBAgIEL9AAECBAgQIECAQC4gQnNygwQIECBAgAABAiLUDxAgQIAAAQIECOQCIjQnN0iAAAECBAgQICBC/QABAgQIECBAgEAuIEJzcoMECBAgQIAAAQIi1A8QIECAAAECBAjkAiI0JzdIgAABAgQIECAgQv0AAQIECBAgQIBALiBCc3KDBAgQIECAAAECItQPECBAgAABAgQI5AIiNCc3SIAAAQIECBAgIEL9AAECBAgQIECAQC4gQnNygwQIECBAgAABAiLUDxAgQIAAAQIECOQCIjQnN0iAAAECBAgQICBC/QABAgQIECBAgEAuIEJzcoMECBAgQIAAAQIi1A8QIECAAAECBAjkAiI0JzdIgAABAgQIECAgQv0AAQIECBAgQIBALiBCc3KDBAgQIECAAAECItQPECBAgAABAgQI5AIiNCc3SIAAAQIECBAgIEL9AAECBAgQIECAQC4gQnNygwQIECBAgAABAiLUDxAgQIAAAQIECOQCIjQnN0iAAAECBAgQICBC/QABAgQIECBAgEAuIEJzcoMECBAgQIAAAQIi1A8QIECAAAECBAjkAiI0JzdIgAABAgQIECAgQv0AAQIECBAgQIBALiBCc3KDBAgQIECAAAECItQPECBAgAABAgQI5AIiNCc3SIAAAQIECBAgIEL9AAECBAgQIECAQC4gQnNygwQIECBAgAABAiLUDxAgQIAAAQIECOQCIjQnN0iAAAECBAgQICBC/QABAgQIECBAgEAuIEJzcoMECBAgQIAAAQIi1A8QIECAAAECBAjkAiI0JzdIgAABAgQIECAgQv0AAQIECBAgQIBALiBCc3KDBAgQIECAAAECItQPECBAgAABAgQI5AIiNCc3SIAAAQIECBAgIEL9AAECBAgQIECAQC4gQnNygwQIECBAgAABAiLUDxAgQIAAAQIECOQCIjQnN0iAAAECBAgQICBC/QABAgQIECBAgEAuIEJzcoMECBAgQIAAAQIi1A8QIECAAAECBAjkAiI0JzdIgAABAgQIECAgQv0AAQIECBAgQIBALiBCc3KDBAgQIECAAAECItQPECBAgAABAgQI5AIiNCc3SIAAAQIECBAgIEL9AAECBAgQIECAQC4gQnNygwQIECBAgAABAiLUDxAgQIAAAQIECOQCIjQnN0iAAAECBAgQICBC/QABAgQIECBAgEAuIEJzcoMECBAgQIAAAQIi1A8QIECAAAECBAjkAiI0JzdIgAABAgQIECAgQv0AAQIECBAgQIBALiBCc3KDBAgQIECAAAECItQPECBAgAABAgQI5AIiNCc3SIAAAQIECBAgIEL9AAECBAgQIECAQC4gQnNygwQIECBAgAABAiLUDxAgQIAAAQIECOQCIjQnN0iAAAECBAgQICBC/QABAgQIECBAgEAuIEJzcoMECBAgQIAAAQIi1A8QIECAAAECBAjkAiI0JzdIgAABAgQIECAgQv0AAQIECBAgQIBALiBCc3KDBAgQIECAAAECItQPECBAgAABAgQI5AIiNCc3SIAAAQIECBAgIEL9AAECBAgQIECAQC4gQnNygwQIECBAgAABAiLUDxAgQIAAAQIECOQCIjQnN0iAAAECBAgQICBC/QABAgQIECBAgEAuIEJzcoMECBAgQIAAAQIi1A8QIECAAAECBAjkAiI0JzdIgAABAgQIECAgQv0AAQIECBAgQIBALiBCc3KDBAgQIECAAAECItQPECBAgAABAgQI5AIiNCc3SIAAAQIECBAgIEL9AAECBAgQIECAQC4gQnNygwQIECBAgAABAiLUDxAgQIAAAQIECOQCIjQnN0iAAAECBAgQICBC/QABAgQIECBAgEAuIEJzcoMECBAgQIAAAQIi1A8QIECAAAECBAjkAiI0JzdIgAABAgQIECAgQv0AAQIECBAgQIBALiBCc3KDBAgQIECAAAECItQPECBAgAABAgQI5AIiNCc3SIAAAQIECBAgIEL9AAECBAgQIECAQC4gQnNygwQIECBAgAABAiLUDxAgQIAAAQIECOQCIjQnN0iAAAECBAgQICBC/QABAgQIECBAgEAuIEJzcoMECBAgQIAAAQIi1A8QIECAAAECBAjkAiI0JzdIgAABAgQIECAgQv0AAQIECBAgQIBALiBCc3KDBAgQIECAAAECItQPECBAgAABAgQI5AIiNCc3SIAAAQIECBAgIEL9AAECBAgQIECAQC4gQnNygwQIECBAgAABAiLUDxAgQIAAAQIECOQCIjQnN0iAAAECBAgQICBC/QABAgQIECBAgEAuIEJzcoMECBAgQIAAAQIi1A8QIECAAAECBAjkAiI0JzdIgAABAgQIECAgQv0AAQIECBAgQIBALiBCc3KDBAgQIECAAAECItQPECBAgAABAgQI5AIiNCc3SIAAAQIECBAgIEL9AAECBAgQIECAQC4gQnNygwQIECBAgAABAiLUDxAgQIAAAQIECOQCIjQnN0iAAAECBAgQICBC/QABAgQIECBAgEAuIEJzcoMECBAgQIAAAQIi1A8QIECAAAECBAjkAiI0JzdIgAABAgQIECAgQv0AAQIECBAgQIBALiBCc3KDBAgQIECAAAECItQPECBAgAABAgQI5AIiNCc3SIAAAQIECBAgIEL9AAECBAgQIECAQC4gQnNygwQIECBAgAABAiLUDxAgQIAAAQIECOQCIjQnN0iAAAECBAgQICBC/QABAgQIECBAgEAuIEJzcoMECBAgQIAAAQIi1A8QIECAAAECBAjkAiI0JzdIgAABAgQIECAgQv0AAQIECBAgQIBALiBCc3KDBAgQIECAAAECItQPECBAgAABAgQI5AIiNCc3SIAAAQIECBAgIEL9AAECBAgQIECAQC4gQnNygwQIECBAgAABAiLUDxAgQIAAAQIECOQCIjQnN0iAAAECBAgQICBC/QABAgQIECBAgEAuIEJzcoMECBAgQIAAAQIi1A8QIECAAAECBAjkAiI0JzdIgAABAgQIECAgQv0AAQIECBAgQIBALiBCc3KDBAgQIECAAAECItQPECBAgAABAgQI5AIiNCc3SIAAAQIECBAgIEL9AAECBAgQIECAQC4gQnNygwQIECBAgAABAiLUDxAgQIAAAQIECOQCIjQnN0iAAAECBAgQICBC/QABAgQIECBAgEAuIEJzcoMECBAgQIAAAQIi1A8QIECAAAECBAjkAiI0JzdIgAABAgQIECAgQv0AAQIECBAgQIBALiBCc3KDBAgQIECAAAECItQPECBAgAABAgQI5AIiNCc3SIAAAQIECBAgIEL9AAECBAgQIECAQC4gQnNygwQIECBAgAABAiLUDxAgQIAAAQIECOQCIjQnN0iAAAECBAgQICBC/QABAgQIECBAgEAuIEJzcoMECBAgQIAAAQIi1A8QIECAAAECBAjkAiI0JzdIgAABAgQIECAgQv0AAQIECBAgQIBALiBCc3KDBAgQIECAAAECItQPECBAgAABAgQI5AIiNCc3SIAAAQIECBAgIEL9AAECBAgQIECAQC4gQnNygwQIECBAgAABAiLUDxAgQIAAAQIECOQCIjQnN0iAAAECBAgQICBC/QABAgQIECBAgEAuIEJzcoMECBAgQIAAAQIi1A8QIECAAAECBAjkAiI0JzdIgAABAgQIECAgQv0AAQIECBAgQIBALiBCc3KDBAgQIECAAAECItQPECBAgAABAgQI5AIiNCc3SIAAAQIECBAgIEL9AAECBAgQIECAQC4gQnNygwQIECBAgAABAiLUDxAgQIAAAQIECOQCIjQnN0iAAAECBAgQICBC/QABAgQIECBAgEAuIEJzcoMECBAgQIAAAQIi1A8QIECAAAECBAjkAiI0JzdIgAABAgQIECAgQv0AAQIECBAgQIBALiBCc3KDBAgQIECAAAECItQPECBAgAABAgQI5AIiNCc3SIAAAQIECBAgIEL9AAECBAgQIECAQC4gQnNygwQIECBAgAABAiLUDxAgQIAAAQIECOQCIjQnN0iAAAECBAgQICBC/QABAgQIECBAgEAuIEJzcoMECBAgQIAAAQIi1A8QIECAAAECBAjkAiI0JzdIgAABAgQIECAgQv0AAQIECBAgQIBALiBCc3KDBAgQIECAAAECItQPECBAgAABAgQI5AIiNCc3SIAAAQIECBAgIEL9AAECBAgQIECAQC4gQnNygwQIECBAgAABAiLUDxAgQIAAAQIECOQCIjQnN0iAAAECBAgQICBC/QABAgQIECBAgEAuIEJzcoMECBAgQIAAAQIi1A8QIECAAAECBAjkAiI0JzdIgAABAgQIECAgQv0AAQIECBAgQIBALiBCc3KDBAgQIECAAAECItQPECBAgAABAgQI5AIiNCc3SIAAAQIECBAgIEL9AAECBAgQIECAQC4gQnNygwQIECBAgAABAiLUDxAgQIAAAQIECOQCIjQnN0iAAAECBAgQICBC/QABAgQIECBAgEAuIEJzcoMECBAgQIAAAQIi1A8QIECAAAECBAjkAiI0JzdIgAABAgQIECAgQv0AAQIECBAgQIBALiBCc3KDBAgQIECAAAECItQPECBAgAABAgQI5AIiNCc3SIAAAQIECBAgIEL9AAECBAgQIECAQC4gQnNygwQIECBAgAABAiLUDxAgQIAAAQIECOQCIjQnN0iAAAECBAgQICBC/QABAgQIECBAgEAuIEJzcoMECBAgQIAAAQIi1A8QIECAAAECBAjkAiI0JzdIgAABAgQIECAgQv0AAQIECBAgQIBALiBCc3KDBAgQIECAAAECItQPECBAgAABAgQI5AIiNCc3SIAAAQIECBAgIEL9AAECBAgQIECAQC4gQnNygwQIECBAgAABAiLUDxAgQIAAAQIECOQCIjQnN0iAAAECBAgQICBC/QABAgQIECBAgEAuIEJzcoMECBAgQIAAAQIi1A8QIECAAAECBAjkAiI0JzdIgAABAgQIECAgQv0AAQIECBAgQIBALiBCc3KDBAgQIECAAAECItQPECBAgAABAgQI5AIiNCc3SIAAAQIECBAgIEL9AAECBAgQIECAQC4gQnNygwQIECBAgAABAiLUDxAgQIAAAQIECOQCIjQnN0iAAAECBAgQICBC/QABAgQIECBAgEAuIEJzcoMECBAgQIAAAQIi1A8QIECAAAECBAjkAiI0JzdIgAABAgQIECAgQv0AAQIECBAgQIBALiBCc3KDBAgQIECAAAECItQPECBAgAABAgQI5AIiNCc3SIAAAQIECBAgIEL9AAECBAgQIECAQC4gQnNygwQIECBAgAABAiLUDxAgQIAAAQIECOQCIjQnN0iAAAECBAgQICBC/QABAgQIECBAgEAuIEJzcoMECBAgQIAAAQIi1A8QIECAAAECBAjkAiI0JzdIgAABAgQIECAgQv0AAQIECBAgQIBALiBCc3KDBAgQIECAAAECItQPECBAgAABAgQI5AIiNCc3SIAAAQIECBAgIEL9AAECBAgQIECAQC4gQnNygwQIECBAgAABAiLUDxAgQIAAAQIECOQCIjQnN0iAAAECBAgQICBC/QABAgQIECBAgEAuIEJzcoMECBAgQIAAAQIi1A8QIECAAAECBAjkAiI0JzdIgAABAgQIECAgQv0AAQIECBAgQIBALiBCc3KDBAgQIECAAAECItQPECBAgAABAgQI5AIiNCc3SIAAAQIECBAgIEL9AAECBAgQIECAQC4gQnNygwQIECBAgAABAiLUDxAgQIAAAQIECOQCIjQnN0iAAAECBAgQICBC/QABAgQIECBAgEAuIEJzcoMECBAgQIAAAQIi1A8QIECAAAECBAjkAiI0JzdIgAABAgQIECAgQv0AAQIECBAgQIBALiBCc3KDBAgQIECAAAECItQPECBAgAABAgQI5AIiNCc3SIAAAQIECBAgIEL9AAECBAgQIECAQC4gQnNygwQIECBAgAABAiLUDxAgQIAAAQIECOQCIjQnN0iAAAECBAgQICBC/QABAgQIECBAgEAuIEJzcoMECBAgQIAAAQIPF5QCA5bjX0IAAAAASUVORK5CYII=HAIESHKSIGURIHAIESHKdata:image/png;base64,iVBORw0KGgoAAAANSUhEUgAAAsYAAACVCAYAAABb7TzFAAAIQUlEQVR4Xu3awQkAMRADsU3/TR+HwbgIpQQxj7D4nUeAAAECBAgQIECAwD0GBAgQIECAAAECBAicj7EICBAgQIAAAQIECPwCLsY6IECAAAECBAgQIOBjrAECBAgQIECAAAECEXAxVgIBAgQIECBAgAABH2MNECBAgAABAgQIEHAx1gABAgQIECBAgACBCphSiIEAAQIECBAgQICAKYUGCBAgQIAAAQIECJhSaIAAAQIECBAgQICAKYUGCBAgQIAAAQIECKyAjbEeCBAgQIAAAQIECNgYa4AAAQIECBAgQIBABFyMlUCAAAECBAgQIEDAx1gDBAgQIECAAAECBFyMNUCAAAECBAgQIECgAqYUYiBAgAABAgQIECBgSqEBAgQIECBAgAABAqYUGiBAgAABAgQIECBgSqEBAgQIECBAgAABAitgY6wHAgQIECBAgAABAjbGGiBAgAABAgQIECAQARdjJRAgQIAAAQIECBDwMdYAAQIECBAgQIAAARdjDRAgQIAAAQIECBCogCmFGAgQIECAAAECBAiYUmiAAAECBAgQIECAgCmFBggQIECAAAECBAiYUmiAAAECBAgQIECAwArYGOuBAAECBAgQIECAgI2xBggQIECAAAECBAhEwMVYCQQIECBAgAABAgR8jDVAgAABAgQIECBAwMVYAwQIECBAgAABAgQqYEohBgIECBAgQIAAAQKmFBogQIAAAQIECBAgYEqhAQIECBAgQIAAAQKmFBogQIAAAQIECBAgsAI2xnogQIAAAQIECBAgYGOsAQIECBAgQIAAAQIRcDFWAgECBAgQIECAAAEfYw0QIECAAAECBAgQcDHWAAECBAgQIECAAIEKmFKIgQABAgQIECBAgIAphQYIECBAgAABAgQImFJogAABAgQIECBAgIAphQYIECBAgAABAgQIrICNsR4IECBAgAABAgQI2BhrgAABAgQIECBAgEAEXIyVQIAAAQIECBAgQMDHWAMECBAgQIAAAQIEXIw1QIAAAQIECBAgQKACphRiIECAAAECBAgQIGBKoQECBAgQIECAAAECphQaIECAAAECBAgQIGBKoQECBAgQIECAAAECK2BjrAcCBAgQIECAAAECNsYaIECAAAECBAgQIBABF2MlECBAgAABAgQIEPAx1gABAgQIECBAgAABF2MNECBAgAABAgQIEKiAKYUYCBAgQIAAAQIECJhSaIAAAQIECBAgQICAKYUGCBAgQIAAAQIECJhSaIAAAQIECBAgQIDACtgY64EAAQIECBAgQICAjbEGCBAgQIAAAQIECETAxVgJBAgQIECAAAECBHyMNUCAAAECBAgQIEDAxVgDBAgQIECAAAECBCpgSiEGAgQIECBAgAABAqYUGiBAgAABAgQIECBgSqEBAgQIECBAgAABAqYUGiBAgAABAgQIECCwAjbGeiBAgAABAgQIECBgY6wBAgQIECBAgAABAhFwMVYCAQIECBAgQIAAAR9jDRAgQIAAAQIECBBwMdYAAQIECBAgQIAAgQqYUoiBAAECBAgQIECAgCmFBggQIECAAAECBAiYUmiAAAECBAgQIECAgCmFBggQIECAAAECBAisgI2xHggQIECAAAECBAjYGGuAAAECBAgQIECAQARcjJVAgAABAgQIECBAwMdYAwQIECBAgAABAgRcjDVAgAABAgQIECBAoAKmFGIgQIAAAQIECBAgYEqhAQIECBAgQIAAAQKmFBogQIAAAQIECBAgYEqhAQIECBAgQIAAAQIrYGOsBwIECBAgQIAAAQI2xhogQIAAAQIECBAgEAEXYyUQIECAAAECBAgQ8DHWAAECBAgQIECAAAEXYw0QIECAAAECBAgQqIAphRgIECBAgAABAgQImFJogAABAgQIECBAgIAphQYIECBAgAABAgQImFJogAABAgQIECBAgMAK2BjrgQABAgQIECBAgICNsQYIECBAgAABAgQIRMDFWAkECBAgQIAAAQIEfIw1QIAAAQIECBAgQMDFWAMECBAgQIAAAQIEKmBKIQYCBAgQIECAAAECphQaIECAAAECBAgQIGBKoQECBAgQIECAAAECphQaIECAAAECBAgQILACNsZ6IECAAAECBAgQIGBjrAECBAgQIECAAAECEXAxVgIBAgQIECBAgAABH2MNECBAgAABAgQIEHAx1gABAgQIECBAgACBCphSiIEAAQIECBAgQICAKYUGCBAgQIAAAQIECJhSaIAAAQIECBAgQICAKYUGCBAgQIAAAQIECKyAjbEeCBAgQIAAAQIECNgYa4AAAQIECBAgQIBABFyMlUCAAAECBAgQIEDAx1gDBAgQIECAAAECBFyMNUCAAAECBAgQIECgAqYUYiBAgAABAgQIECBgSqEBAgQIECBAgAABAqYUGiBAgAABAgQIECBgSqEBAgQIECBAgAABAitgY6wHAgQIECBAgAABAjbGGiBAgAABAgQIECAQARdjJRAgQIAAAQIECBDwMdYAAQIECBAgQIAAARdjDRAgQIAAAQIECBCogCmFGAgQIECAAAECBAiYUmiAAAECBAgQIECAgCmFBggQIECAAAECBAiYUmiAAAECBAgQIECAwArYGOuBAAECBAgQIECAgI2xBggQIECAAAECBAhEwMVYCQQIECBAgAABAgR8jDVAgAABAgQIECBAwMVYAwQIECBAgAABAgQqYEohBgIECBAgQIAAAQKmFBogQIAAAQIECBAgYEqhAQIECBAgQIAAAQKmFBogQIAAAQIECBAgsAI2xnogQIAAAQIECBAgYGOsAQIECBAgQIAAAQIR+AACoQCW6L79ZQAAAABJRU5ErkJggg==HAIESHKFIRSTNAMEHAIESHKHAIESHKLASTNAMEHAIESHKHAIESHKWHATHAIESHKHAIESHKWHEREHAIESHKHAIESHKWHENHAIESHKHAIESHKWHYHAIESHKHAIESHKFIRSTAIDHAIESHKHAIESHKRECOMMENDHAIESHKHAIESHK', '2017-04-26 00:00:00', 3);
INSERT INTO `forms` (`FormID`, `UserID`, `patientID`, `FormType`, `FormInfo`, `Date`, `Revision1`) VALUES
(324, 1, 3, 'BODY_CHECK', 'CANVASURIGALPVXGdata:image/png;base64,iVBORw0KGgoAAAANSUhEUgAAAqEAAAICCAYAAAD/KhQeAAAbtklEQVR4Xu3WMQ0AAAzDsJU/6bHI5RGoZO3IzhEgQIAAAQIECBCIBRbvmSNAgAABAgQIECBwItQTECBAgAABAgQI5AIiNCc3SIAAAQIECBAgIEL9AAECBAgQIECAQC4gQnNygwQIECBAgAABAiLUDxAgQIAAAQIECOQCIjQnN0iAAAECBAgQICBC/QABAgQIECBAgEAuIEJzcoMECBAgQIAAAQIi1A8QIECAAAECBAjkAiI0JzdIgAABAgQIECAgQv0AAQIECBAgQIBALiBCc3KDBAgQIECAAAECItQPECBAgAABAgQI5AIiNCc3SIAAAQIECBAgIEL9AAECBAgQIECAQC4gQnNygwQIECBAgAABAiLUDxAgQIAAAQIECOQCIjQnN0iAAAECBAgQICBC/QABAgQIECBAgEAuIEJzcoMECBAgQIAAAQIi1A8QIECAAAECBAjkAiI0JzdIgAABAgQIECAgQv0AAQIECBAgQIBALiBCc3KDBAgQIECAAAECItQPECBAgAABAgQI5AIiNCc3SIAAAQIECBAgIEL9AAECBAgQIECAQC4gQnNygwQIECBAgAABAiLUDxAgQIAAAQIECOQCIjQnN0iAAAECBAgQICBC/QABAgQIECBAgEAuIEJzcoMECBAgQIAAAQIi1A8QIECAAAECBAjkAiI0JzdIgAABAgQIECAgQv0AAQIECBAgQIBALiBCc3KDBAgQIECAAAECItQPECBAgAABAgQI5AIiNCc3SIAAAQIECBAgIEL9AAECBAgQIECAQC4gQnNygwQIECBAgAABAiLUDxAgQIAAAQIECOQCIjQnN0iAAAECBAgQICBC/QABAgQIECBAgEAuIEJzcoMECBAgQIAAAQIi1A8QIECAAAECBAjkAiI0JzdIgAABAgQIECAgQv0AAQIECBAgQIBALiBCc3KDBAgQIECAAAECItQPECBAgAABAgQI5AIiNCc3SIAAAQIECBAgIEL9AAECBAgQIECAQC4gQnNygwQIECBAgAABAiLUDxAgQIAAAQIECOQCIjQnN0iAAAECBAgQICBC/QABAgQIECBAgEAuIEJzcoMECBAgQIAAAQIi1A8QIECAAAECBAjkAiI0JzdIgAABAgQIECAgQv0AAQIECBAgQIBALiBCc3KDBAgQIECAAAECItQPECBAgAABAgQI5AIiNCc3SIAAAQIECBAgIEL9AAECBAgQIECAQC4gQnNygwQIECBAgAABAiLUDxAgQIAAAQIECOQCIjQnN0iAAAECBAgQICBC/QABAgQIECBAgEAuIEJzcoMECBAgQIAAAQIi1A8QIECAAAECBAjkAiI0JzdIgAABAgQIECAgQv0AAQIECBAgQIBALiBCc3KDBAgQIECAAAECItQPECBAgAABAgQI5AIiNCc3SIAAAQIECBAgIEL9AAECBAgQIECAQC4gQnNygwQIECBAgAABAiLUDxAgQIAAAQIECOQCIjQnN0iAAAECBAgQICBC/QABAgQIECBAgEAuIEJzcoMECBAgQIAAAQIi1A8QIECAAAECBAjkAiI0JzdIgAABAgQIECAgQv0AAQIECBAgQIBALiBCc3KDBAgQIECAAAECItQPECBAgAABAgQI5AIiNCc3SIAAAQIECBAgIEL9AAECBAgQIECAQC4gQnNygwQIECBAgAABAiLUDxAgQIAAAQIECOQCIjQnN0iAAAECBAgQICBC/QABAgQIECBAgEAuIEJzcoMECBAgQIAAAQIi1A8QIECAAAECBAjkAiI0JzdIgAABAgQIECAgQv0AAQIECBAgQIBALiBCc3KDBAgQIECAAAECItQPECBAgAABAgQI5AIiNCc3SIAAAQIECBAgIEL9AAECBAgQIECAQC4gQnNygwQIECBAgAABAiLUDxAgQIAAAQIECOQCIjQnN0iAAAECBAgQICBC/QABAgQIECBAgEAuIEJzcoMECBAgQIAAAQIi1A8QIECAAAECBAjkAiI0JzdIgAABAgQIECAgQv0AAQIECBAgQIBALiBCc3KDBAgQIECAAAECItQPECBAgAABAgQI5AIiNCc3SIAAAQIECBAgIEL9AAECBAgQIECAQC4gQnNygwQIECBAgAABAiLUDxAgQIAAAQIECOQCIjQnN0iAAAECBAgQICBC/QABAgQIECBAgEAuIEJzcoMECBAgQIAAAQIi1A8QIECAAAECBAjkAiI0JzdIgAABAgQIECAgQv0AAQIECBAgQIBALiBCc3KDBAgQIECAAAECItQPECBAgAABAgQI5AIiNCc3SIAAAQIECBAgIEL9AAECBAgQIECAQC4gQnNygwQIECBAgAABAiLUDxAgQIAAAQIECOQCIjQnN0iAAAECBAgQICBC/QABAgQIECBAgEAuIEJzcoMECBAgQIAAAQIi1A8QIECAAAECBAjkAiI0JzdIgAABAgQIECAgQv0AAQIECBAgQIBALiBCc3KDBAgQIECAAAECItQPECBAgAABAgQI5AIiNCc3SIAAAQIECBAgIEL9AAECBAgQIECAQC4gQnNygwQIECBAgAABAiLUDxAgQIAAAQIECOQCIjQnN0iAAAECBAgQICBC/QABAgQIECBAgEAuIEJzcoMECBAgQIAAAQIi1A8QIECAAAECBAjkAiI0JzdIgAABAgQIECAgQv0AAQIECBAgQIBALiBCc3KDBAgQIECAAAECItQPECBAgAABAgQI5AIiNCc3SIAAAQIECBAgIEL9AAECBAgQIECAQC4gQnNygwQIECBAgAABAiLUDxAgQIAAAQIECOQCIjQnN0iAAAECBAgQICBC/QABAgQIECBAgEAuIEJzcoMECBAgQIAAAQIi1A8QIECAAAECBAjkAiI0JzdIgAABAgQIECAgQv0AAQIECBAgQIBALiBCc3KDBAgQIECAAAECItQPECBAgAABAgQI5AIiNCc3SIAAAQIECBAgIEL9AAECBAgQIECAQC4gQnNygwQIECBAgAABAiLUDxAgQIAAAQIECOQCIjQnN0iAAAECBAgQICBC/QABAgQIECBAgEAuIEJzcoMECBAgQIAAAQIi1A8QIECAAAECBAjkAiI0JzdIgAABAgQIECAgQv0AAQIECBAgQIBALiBCc3KDBAgQIECAAAECItQPECBAgAABAgQI5AIiNCc3SIAAAQIECBAgIEL9AAECBAgQIECAQC4gQnNygwQIECBAgAABAiLUDxAgQIAAAQIECOQCIjQnN0iAAAECBAgQICBC/QABAgQIECBAgEAuIEJzcoMECBAgQIAAAQIi1A8QIECAAAECBAjkAiI0JzdIgAABAgQIECAgQv0AAQIECBAgQIBALiBCc3KDBAgQIECAAAECItQPECBAgAABAgQI5AIiNCc3SIAAAQIECBAgIEL9AAECBAgQIECAQC4gQnNygwQIECBAgAABAiLUDxAgQIAAAQIECOQCIjQnN0iAAAECBAgQICBC/QABAgQIECBAgEAuIEJzcoMECBAgQIAAAQIi1A8QIECAAAECBAjkAiI0JzdIgAABAgQIECAgQv0AAQIECBAgQIBALiBCc3KDBAgQIECAAAECItQPECBAgAABAgQI5AIiNCc3SIAAAQIECBAgIEL9AAECBAgQIECAQC4gQnNygwQIECBAgAABAiLUDxAgQIAAAQIECOQCIjQnN0iAAAECBAgQICBC/QABAgQIECBAgEAuIEJzcoMECBAgQIAAAQIi1A8QIECAAAECBAjkAiI0JzdIgAABAgQIECAgQv0AAQIECBAgQIBALiBCc3KDBAgQIECAAAECItQPECBAgAABAgQI5AIiNCc3SIAAAQIECBAgIEL9AAECBAgQIECAQC4gQnNygwQIECBAgAABAiLUDxAgQIAAAQIECOQCIjQnN0iAAAECBAgQICBC/QABAgQIECBAgEAuIEJzcoMECBAgQIAAAQIi1A8QIECAAAECBAjkAiI0JzdIgAABAgQIECAgQv0AAQIECBAgQIBALiBCc3KDBAgQIECAAAECItQPECBAgAABAgQI5AIiNCc3SIAAAQIECBAgIEL9AAECBAgQIECAQC4gQnNygwQIECBAgAABAiLUDxAgQIAAAQIECOQCIjQnN0iAAAECBAgQICBC/QABAgQIECBAgEAuIEJzcoMECBAgQIAAAQIi1A8QIECAAAECBAjkAiI0JzdIgAABAgQIECAgQv0AAQIECBAgQIBALiBCc3KDBAgQIECAAAECItQPECBAgAABAgQI5AIiNCc3SIAAAQIECBAgIEL9AAECBAgQIECAQC4gQnNygwQIECBAgAABAiLUDxAgQIAAAQIECOQCIjQnN0iAAAECBAgQICBC/QABAgQIECBAgEAuIEJzcoMECBAgQIAAAQIi1A8QIECAAAECBAjkAiI0JzdIgAABAgQIECAgQv0AAQIECBAgQIBALiBCc3KDBAgQIECAAAECItQPECBAgAABAgQI5AIiNCc3SIAAAQIECBAgIEL9AAECBAgQIECAQC4gQnNygwQIECBAgAABAiLUDxAgQIAAAQIECOQCIjQnN0iAAAECBAgQICBC/QABAgQIECBAgEAuIEJzcoMECBAgQIAAAQIi1A8QIECAAAECBAjkAiI0JzdIgAABAgQIECAgQv0AAQIECBAgQIBALiBCc3KDBAgQIECAAAECItQPECBAgAABAgQI5AIiNCc3SIAAAQIECBAgIEL9AAECBAgQIECAQC4gQnNygwQIECBAgAABAiLUDxAgQIAAAQIECOQCIjQnN0iAAAECBAgQICBC/QABAgQIECBAgEAuIEJzcoMECBAgQIAAAQIi1A8QIECAAAECBAjkAiI0JzdIgAABAgQIECAgQv0AAQIECBAgQIBALiBCc3KDBAgQIECAAAECItQPECBAgAABAgQI5AIiNCc3SIAAAQIECBAgIEL9AAECBAgQIECAQC4gQnNygwQIECBAgAABAiLUDxAgQIAAAQIECOQCIjQnN0iAAAECBAgQICBC/QABAgQIECBAgEAuIEJzcoMECBAgQIAAAQIi1A8QIECAAAECBAjkAiI0JzdIgAABAgQIECAgQv0AAQIECBAgQIBALiBCc3KDBAgQIECAAAECItQPECBAgAABAgQI5AIiNCc3SIAAAQIECBAgIEL9AAECBAgQIECAQC4gQnNygwQIECBAgAABAiLUDxAgQIAAAQIECOQCIjQnN0iAAAECBAgQICBC/QABAgQIECBAgEAuIEJzcoMECBAgQIAAAQIi1A8QIECAAAECBAjkAiI0JzdIgAABAgQIECAgQv0AAQIECBAgQIBALiBCc3KDBAgQIECAAAECItQPECBAgAABAgQI5AIiNCc3SIAAAQIECBAgIEL9AAECBAgQIECAQC4gQnNygwQIECBAgAABAiLUDxAgQIAAAQIECOQCIjQnN0iAAAECBAgQICBC/QABAgQIECBAgEAuIEJzcoMECBAgQIAAAQIi1A8QIECAAAECBAjkAiI0JzdIgAABAgQIECAgQv0AAQIECBAgQIBALiBCc3KDBAgQIECAAAECItQPECBAgAABAgQI5AIiNCc3SIAAAQIECBAgIEL9AAECBAgQIECAQC4gQnNygwQIECBAgAABAiLUDxAgQIAAAQIECOQCIjQnN0iAAAECBAgQICBC/QABAgQIECBAgEAuIEJzcoMECBAgQIAAAQIi1A8QIECAAAECBAjkAiI0JzdIgAABAgQIECAgQv0AAQIECBAgQIBALiBCc3KDBAgQIECAAAECItQPECBAgAABAgQI5AIiNCc3SIAAAQIECBAgIEL9AAECBAgQIECAQC4gQnNygwQIECBAgAABAiLUDxAgQIAAAQIECOQCIjQnN0iAAAECBAgQICBC/QABAgQIECBAgEAuIEJzcoMECBAgQIAAAQIi1A8QIECAAAECBAjkAiI0JzdIgAABAgQIECAgQv0AAQIECBAgQIBALiBCc3KDBAgQIECAAAECItQPECBAgAABAgQI5AIiNCc3SIAAAQIECBAgIEL9AAECBAgQIECAQC4gQnNygwQIECBAgAABAiLUDxAgQIAAAQIECOQCIjQnN0iAAAECBAgQICBC/QABAgQIECBAgEAuIEJzcoMECBAgQIAAAQIi1A8QIECAAAECBAjkAiI0JzdIgAABAgQIECAgQv0AAQIECBAgQIBALiBCc3KDBAgQIECAAAECItQPECBAgAABAgQI5AIiNCc3SIAAAQIECBAgIEL9AAECBAgQIECAQC4gQnNygwQIECBAgAABAiLUDxAgQIAAAQIECOQCIjQnN0iAAAECBAgQICBC/QABAgQIECBAgEAuIEJzcoMECBAgQIAAAQIi1A8QIECAAAECBAjkAiI0JzdIgAABAgQIECAgQv0AAQIECBAgQIBALiBCc3KDBAgQIECAAAECItQPECBAgAABAgQI5AIiNCc3SIAAAQIECBAgIEL9AAECBAgQIECAQC4gQnNygwQIECBAgAABAiLUDxAgQIAAAQIECOQCIjQnN0iAAAECBAgQICBC/QABAgQIECBAgEAuIEJzcoMECBAgQIAAAQIi1A8QIECAAAECBAjkAiI0JzdIgAABAgQIECAgQv0AAQIECBAgQIBALiBCc3KDBAgQIECAAAECItQPECBAgAABAgQI5AIiNCc3SIAAAQIECBAgIEL9AAECBAgQIECAQC4gQnNygwQIECBAgAABAiLUDxAgQIAAAQIECOQCIjQnN0iAAAECBAgQICBC/QABAgQIECBAgEAuIEJzcoMECBAgQIAAAQIi1A8QIECAAAECBAjkAiI0JzdIgAABAgQIECAgQv0AAQIECBAgQIBALiBCc3KDBAgQIECAAAECItQPECBAgAABAgQI5AIiNCc3SIAAAQIECBAgIEL9AAECBAgQIECAQC4gQnNygwQIECBAgAABAiLUDxAgQIAAAQIECOQCIjQnN0iAAAECBAgQICBC/QABAgQIECBAgEAuIEJzcoMECBAgQIAAAQIi1A8QIECAAAECBAjkAiI0JzdIgAABAgQIECAgQv0AAQIECBAgQIBALiBCc3KDBAgQIECAAAECItQPECBAgAABAgQI5AIiNCc3SIAAAQIECBAgIEL9AAECBAgQIECAQC4gQnNygwQIECBAgAABAiLUDxAgQIAAAQIECOQCIjQnN0iAAAECBAgQICBC/QABAgQIECBAgEAuIEJzcoMECBAgQIAAAQIi1A8QIECAAAECBAjkAiI0JzdIgAABAgQIECAgQv0AAQIECBAgQIBALiBCc3KDBAgQIECAAAECItQPECBAgAABAgQI5AIiNCc3SIAAAQIECBAgIEL9AAECBAgQIECAQC4gQnNygwQIECBAgAABAiLUDxAgQIAAAQIECOQCIjQnN0iAAAECBAgQICBC/QABAgQIECBAgEAuIEJzcoMECBAgQIAAAQIi1A8QIECAAAECBAjkAiI0JzdIgAABAgQIECAgQv0AAQIECBAgQIBALiBCc3KDBAgQIECAAAECItQPECBAgAABAgQI5AIiNCc3SIAAAQIECBAgIEL9AAECBAgQIECAQC4gQnNygwQIECBAgAABAiLUDxAgQIAAAQIECOQCIjQnN0iAAAECBAgQICBC/QABAgQIECBAgEAuIEJzcoMECBAgQIAAAQIi1A8QIECAAAECBAjkAiI0JzdIgAABAgQIECAgQv0AAQIECBAgQIBALiBCc3KDBAgQIECAAAECItQPECBAgAABAgQI5AIiNCc3SIAAAQIECBAgIEL9AAECBAgQIECAQC4gQnNygwQIECBAgAABAiLUDxAgQIAAAQIECOQCIjQnN0iAAAECBAgQICBC/QABAgQIECBAgEAuIEJzcoMECBAgQIAAAQIi1A8QIECAAAECBAjkAiI0JzdIgAABAgQIECAgQv0AAQIECBAgQIBALiBCc3KDBAgQIECAAAECItQPECBAgAABAgQI5AIiNCc3SIAAAQIECBAgIEL9AAECBAgQIECAQC4gQnNygwQIECBAgAABAiLUDxAgQIAAAQIECOQCIjQnN0iAAAECBAgQICBC/QABAgQIECBAgEAuIEJzcoMECBAgQIAAAQIi1A8QIECAAAECBAjkAiI0JzdIgAABAgQIECAgQv0AAQIECBAgQIBALiBCc3KDBAgQIECAAAECItQPECBAgAABAgQI5AIiNCc3SIAAAQIECBAgIEL9AAECBAgQIECAQC4gQnNygwQIECBAgAABAiLUDxAgQIAAAQIECOQCIjQnN0iAAAECBAgQICBC/QABAgQIECBAgEAuIEJzcoMECBAgQIAAAQIi1A8QIECAAAECBAjkAiI0JzdIgAABAgQIECAgQv0AAQIECBAgQIBALiBCc3KDBAgQIECAAAECItQPECBAgAABAgQI5AIiNCc3SIAAAQIECBAgIEL9AAECBAgQIECAQC4gQnNygwQIECBAgAABAiLUDxAgQIAAAQIECOQCIjQnN0iAAAECBAgQICBC/QABAgQIECBAgEAuIEJzcoMECBAgQIAAAQIi1A8QIECAAAECBAjkAiI0JzdIgAABAgQIECAgQv0AAQIECBAgQIBALiBCc3KDBAgQIECAAAECItQPECBAgAABAgQI5AIiNCc3SIAAAQIECBAgIEL9AAECBAgQIECAQC4gQnNygwQIECBAgAABAiLUDxAgQIAAAQIECOQCIjQnN0iAAAECBAgQICBC/QABAgQIECBAgEAuIEJzcoMECBAgQIAAAQIi1A8QIECAAAECBAjkAiI0JzdIgAABAgQIECAgQv0AAQIECBAgQIBALiBCc3KDBAgQIECAAAECItQPECBAgAABAgQI5AIiNCc3SIAAAQIECBAgIEL9AAECBAgQIECAQC4gQnNygwQIECBAgAABAiLUDxAgQIAAAQIECOQCIjQnN0iAAAECBAgQICBC/QABAgQIECBAgEAuIEJzcoMECBAgQIAAAQIi1A8QIECAAAECBAjkAiI0JzdIgAABAgQIECAgQv0AAQIECBAgQIBALiBCc3KDBAgQIECAAAECItQPECBAgAABAgQI5AIiNCc3SIAAAQIECBAgIEL9AAECBAgQIECAQC4gQnNygwQIECBAgAABAiLUDxAgQIAAAQIECOQCIjQnN0iAAAECBAgQICBC/QABAgQIECBAgEAuIEJzcoMECBAgQIAAAQIi1A8QIECAAAECBAjkAiI0JzdIgAABAgQIECAgQv0AAQIECBAgQIBALiBCc3KDBAgQIECAAAECItQPECBAgAABAgQI5AIiNCc3SIAAAQIECBAgIEL9AAECBAgQIECAQC4gQnNygwQIECBAgAABAiLUDxAgQIAAAQIECOQCIjQnN0iAAAECBAgQICBC/QABAgQIECBAgEAuIEJzcoMECBAgQIAAAQIPF5QCA5bjX0IAAAAASUVORK5CYII=GALPVXGSIGURIGALPVXGdata:image/png;base64,iVBORw0KGgoAAAANSUhEUgAAAsYAAACVCAYAAABb7TzFAAAIQUlEQVR4Xu3awQkAMRADsU3/TR+HwbgIpQQxj7D4nUeAAAECBAgQIECAwD0GBAgQIECAAAECBAicj7EICBAgQIAAAQIECPwCLsY6IECAAAECBAgQIOBjrAECBAgQIECAAAECEXAxVgIBAgQIECBAgAABH2MNECBAgAABAgQIEHAx1gABAgQIECBAgACBCphSiIEAAQIECBAgQICAKYUGCBAgQIAAAQIECJhSaIAAAQIECBAgQICAKYUGCBAgQIAAAQIECKyAjbEeCBAgQIAAAQIECNgYa4AAAQIECBAgQIBABFyMlUCAAAECBAgQIEDAx1gDBAgQIECAAAECBFyMNUCAAAECBAgQIECgAqYUYiBAgAABAgQIECBgSqEBAgQIECBAgAABAqYUGiBAgAABAgQIECBgSqEBAgQIECBAgAABAitgY6wHAgQIECBAgAABAjbGGiBAgAABAgQIECAQARdjJRAgQIAAAQIECBDwMdYAAQIECBAgQIAAARdjDRAgQIAAAQIECBCogCmFGAgQIECAAAECBAiYUmiAAAECBAgQIECAgCmFBggQIECAAAECBAiYUmiAAAECBAgQIECAwArYGOuBAAECBAgQIECAgI2xBggQIECAAAECBAhEwMVYCQQIECBAgAABAgR8jDVAgAABAgQIECBAwMVYAwQIECBAgAABAgQqYEohBgIECBAgQIAAAQKmFBogQIAAAQIECBAgYEqhAQIECBAgQIAAAQKmFBogQIAAAQIECBAgsAI2xnogQIAAAQIECBAgYGOsAQIECBAgQIAAAQIRcDFWAgECBAgQIECAAAEfYw0QIECAAAECBAgQcDHWAAECBAgQIECAAIEKmFKIgQABAgQIECBAgIAphQYIECBAgAABAgQImFJogAABAgQIECBAgIAphQYIECBAgAABAgQIrICNsR4IECBAgAABAgQI2BhrgAABAgQIECBAgEAEXIyVQIAAAQIECBAgQMDHWAMECBAgQIAAAQIEXIw1QIAAAQIECBAgQKACphRiIECAAAECBAgQIGBKoQECBAgQIECAAAECphQaIECAAAECBAgQIGBKoQECBAgQIECAAAECK2BjrAcCBAgQIECAAAECNsYaIECAAAECBAgQIBABF2MlECBAgAABAgQIEPAx1gABAgQIECBAgAABF2MNECBAgAABAgQIEKiAKYUYCBAgQIAAAQIECJhSaIAAAQIECBAgQICAKYUGCBAgQIAAAQIECJhSaIAAAQIECBAgQIDACtgY64EAAQIECBAgQICAjbEGCBAgQIAAAQIECETAxVgJBAgQIECAAAECBHyMNUCAAAECBAgQIEDAxVgDBAgQIECAAAECBCpgSiEGAgQIECBAgAABAqYUGiBAgAABAgQIECBgSqEBAgQIECBAgAABAqYUGiBAgAABAgQIECCwAjbGeiBAgAABAgQIECBgY6wBAgQIECBAgAABAhFwMVYCAQIECBAgQIAAAR9jDRAgQIAAAQIECBBwMdYAAQIECBAgQIAAgQqYUoiBAAECBAgQIECAgCmFBggQIECAAAECBAiYUmiAAAECBAgQIECAgCmFBggQIECAAAECBAisgI2xHggQIECAAAECBAjYGGuAAAECBAgQIECAQARcjJVAgAABAgQIECBAwMdYAwQIECBAgAABAgRcjDVAgAABAgQIECBAoAKmFGIgQIAAAQIECBAgYEqhAQIECBAgQIAAAQKmFBogQIAAAQIECBAgYEqhAQIECBAgQIAAAQIrYGOsBwIECBAgQIAAAQI2xhogQIAAAQIECBAgEAEXYyUQIECAAAECBAgQ8DHWAAECBAgQIECAAAEXYw0QIECAAAECBAgQqIAphRgIECBAgAABAgQImFJogAABAgQIECBAgIAphQYIECBAgAABAgQImFJogAABAgQIECBAgMAK2BjrgQABAgQIECBAgICNsQYIECBAgAABAgQIRMDFWAkECBAgQIAAAQIEfIw1QIAAAQIECBAgQMDFWAMECBAgQIAAAQIEKmBKIQYCBAgQIECAAAECphQaIECAAAECBAgQIGBKoQECBAgQIECAAAECphQaIECAAAECBAgQILACNsZ6IECAAAECBAgQIGBjrAECBAgQIECAAAECEXAxVgIBAgQIECBAgAABH2MNECBAgAABAgQIEHAx1gABAgQIECBAgACBCphSiIEAAQIECBAgQICAKYUGCBAgQIAAAQIECJhSaIAAAQIECBAgQICAKYUGCBAgQIAAAQIECKyAjbEeCBAgQIAAAQIECNgYa4AAAQIECBAgQIBABFyMlUCAAAECBAgQIEDAx1gDBAgQIECAAAECBFyMNUCAAAECBAgQIECgAqYUYiBAgAABAgQIECBgSqEBAgQIECBAgAABAqYUGiBAgAABAgQIECBgSqEBAgQIECBAgAABAitgY6wHAgQIECBAgAABAjbGGiBAgAABAgQIECAQARdjJRAgQIAAAQIECBDwMdYAAQIECBAgQIAAARdjDRAgQIAAAQIECBCogCmFGAgQIECAAAECBAiYUmiAAAECBAgQIECAgCmFBggQIECAAAECBAiYUmiAAAECBAgQIECAwArYGOuBAAECBAgQIECAgI2xBggQIECAAAECBAhEwMVYCQQIECBAgAABAgR8jDVAgAABAgQIECBAwMVYAwQIECBAgAABAgQqYEohBgIECBAgQIAAAQKmFBogQIAAAQIECBAgYEqhAQIECBAgQIAAAQKmFBogQIAAAQIECBAgsAI2xnogQIAAAQIECBAgYGOsAQIECBAgQIAAAQIR+AACoQCW6L79ZQAAAABJRU5ErkJggg==GALPVXGFIRSTNAMEGALPVXGGALPVXGLASTNAMEGALPVXGGALPVXGWHATGALPVXGGALPVXGWHEREGALPVXGGALPVXGWHENGALPVXGGALPVXGWHYGALPVXGGALPVXGFIRSTAIDGALPVXGGALPVXGRECOMMENDGALPVXGGALPVXG', '2017-04-26 00:00:00', 3),
(325, 73, 3, 'BODY_CHECK', 'CANVASURIILQQSMOILQQSMOSIGURIILQQSMOILQQSMOFIRSTNAMEILQQSMOILQQSMOLASTNAMEILQQSMOjILQQSMOWHATILQQSMOjILQQSMOWHEREILQQSMOjILQQSMOWHENILQQSMOjILQQSMOWHYILQQSMOjILQQSMOFIRSTAIDILQQSMOjILQQSMORECOMMENDILQQSMOjILQQSMO', '2017-04-27 00:00:00', 3),
(326, 73, 3, 'BODY_CHECK', 'CANVASURIECTTEGWECTTEGWSIGURIECTTEGWECTTEGWFIRSTNAMEECTTEGWCarlECTTEGWLASTNAMEECTTEGWMoonECTTEGWWHATECTTEGWwasECTTEGWWHEREECTTEGWhereECTTEGWWHENECTTEGWtodayECTTEGWWHYECTTEGWyesterdayECTTEGWFIRSTAIDECTTEGWbutECTTEGWRECOMMENDECTTEGWnot tomorrowECTTEGW', '2017-04-27 00:00:00', 3);

-- --------------------------------------------------------

--
-- Table structure for table `goal`
--

CREATE TABLE `goal` (
  `GoalID` int(10) NOT NULL,
  `Description` text,
  `Objective` text,
  `Note` text,
  `Frequency` int(1) UNSIGNED NOT NULL,
  `isWeekly` tinyint(1) NOT NULL,
  `patientID` int(9) NOT NULL
) ENGINE=InnoDB DEFAULT CHARSET=utf16le;

--
-- Dumping data for table `goal`
--

INSERT INTO `goal` (`GoalID`, `Description`, `Objective`, `Note`, `Frequency`, `isWeekly`, `patientID`) VALUES
(4, 'put on clothes', 'getting dressed', 'with assistance', 0, 1, 1),
(5, 'Shopping', 'buy food', 'needs to be complete', 1, 0, 2),
(11, '1', 'play games', 'by themself', 1, 1, 1),
(13, 'Read a book', 'The participant needs to read at least one chapter a day this goal is performed to better help them read while they are out in society.', 'Let them try to read by themselves at first and if they are having trouble help them understand each word that they are looking at.', 3, 1, 4);

-- --------------------------------------------------------

--
-- Table structure for table `note`
--

CREATE TABLE `note` (
  `NoteID` int(25) NOT NULL,
  `notes` longtext NOT NULL,
  `Time_Started` timestamp NOT NULL DEFAULT CURRENT_TIMESTAMP ON UPDATE CURRENT_TIMESTAMP,
  `Last_Updated` timestamp NULL DEFAULT NULL,
  `Time_Submitted` timestamp NULL DEFAULT NULL,
  `Time_Accepted` timestamp NULL DEFAULT NULL,
  `Comment` longtext,
  `Submitted` int(11) DEFAULT NULL,
  `TimeReviewer_Accepted` varchar(45) DEFAULT NULL,
  `NoteReviewer_Accepted` varchar(45) DEFAULT NULL,
  `patientID` int(11) NOT NULL,
  `UserID` int(11) NOT NULL
) ENGINE=InnoDB DEFAULT CHARSET=utf16le;

--
-- Dumping data for table `note`
--

INSERT INTO `note` (`NoteID`, `notes`, `Time_Started`, `Last_Updated`, `Time_Submitted`, `Time_Accepted`, `Comment`, `Submitted`, `TimeReviewer_Accepted`, `NoteReviewer_Accepted`, `patientID`, `UserID`) VALUES
(6, ' put on clothes 1 Balance Checkbook', '2017-02-23 21:04:36', NULL, '2016-09-26 23:55:03', '2016-09-28 22:05:21', 'test 3', 1, NULL, '1', 1, 73),
(7, ' Shopping was fun.', '2017-02-23 22:51:43', NULL, '2016-09-27 00:01:53', '2016-09-28 22:54:37', 'test 4', 0, NULL, '1', 2, 73),
(8, ' Read a book', '2017-02-23 22:51:53', NULL, '2016-09-27 00:06:54', '2016-09-27 00:12:55', 'test 5', 1, NULL, '1', 3, 73),
(12, ' put on clothes 1 Balance Checkbook\nblah', '2017-02-23 22:52:03', NULL, '2016-09-27 00:19:54', '2016-09-27 00:20:49', 'test 6', 1, NULL, '1', 1, 73),
(18, ' Read a book', '2017-02-23 22:56:48', NULL, '2016-09-28 22:56:31', NULL, '', 1, NULL, NULL, 3, 75),
(21, ' put on clothes 1 Balance Checkbook test 10-5', '2017-02-23 22:57:00', NULL, '2016-10-05 22:51:43', NULL, '', 1, NULL, NULL, 1, 73),
(23, ' Read a book multiple saved draft test 10-9-16', '2017-02-23 22:58:04', NULL, '2016-10-09 21:17:04', NULL, NULL, 0, NULL, NULL, 3, 73),
(24, ' Read a book multiple saved draft test submit', '2017-02-23 22:58:19', NULL, '2016-10-09 21:19:48', NULL, '', 1, NULL, NULL, 3, 73),
(25, ' Read a book multiple saved draft submit test 10-10-16', '2017-02-23 22:58:36', NULL, '2016-10-10 19:51:42', NULL, '', 1, NULL, NULL, 3, 73),
(26, ' Shopping Shopping 10-10-16', '2017-02-23 22:59:04', NULL, '2016-10-10 22:55:33', NULL, 'test', 1, NULL, NULL, 4, 75),
(27, ' Stop being lazy! good job! submit test 10-10-16', '2017-02-23 22:59:29', NULL, '2016-10-10 22:57:03', NULL, '', 1, NULL, NULL, 4, 75),
(28, ' Shopping test steven''s new note save 10-19-16 ', '2017-02-23 22:58:51', NULL, '2016-10-19 23:28:08', NULL, NULL, 0, NULL, NULL, 2, 73),
(29, 'test', '2017-02-23 22:59:15', NULL, '2016-10-19 23:34:51', NULL, 'test 10-19 you need to add the year''s', 0, NULL, NULL, 3, 73),
(40, 'dasdfasdfasdf', '2017-02-23 22:59:43', NULL, '2016-11-29 01:02:45', NULL, NULL, 0, NULL, NULL, 3, 75),
(41, ' Read a book: ', '2017-02-23 23:00:01', NULL, '2016-12-05 23:47:49', '2016-12-05 23:51:16', 'please check rupa\ncheck the spelling', 0, NULL, '1', 4, 75),
(42, ' Read a book this is a test', '2017-02-23 23:01:23', NULL, '2017-01-30 18:44:33', NULL, 'Please double check my spelling\n\nspelling is great but you forgot a date\n\ni added the date', 1, NULL, NULL, 4, 73);

-- --------------------------------------------------------

--
-- Table structure for table `patient`
--

CREATE TABLE `patient` (
  `patientID` int(9) NOT NULL,
  `Firstname` varchar(25) NOT NULL,
  `Lastname` varchar(50) NOT NULL,
  `Insurance` varchar(20) NOT NULL,
  `MedicaidNumber` char(13) DEFAULT NULL
) ENGINE=InnoDB DEFAULT CHARSET=utf16le;

--
-- Dumping data for table `patient`
--

INSERT INTO `patient` (`patientID`, `Firstname`, `Lastname`, `Insurance`, `MedicaidNumber`) VALUES
(1, 'Triston', 'Gregoire', 'Medicaid', '1234567890123'),
(2, 'Nancy', 'Smith', 'Medicaid', '8889994445578'),
(3, 'Ty', 'Skipper', 'Medicaid', '7777'),
(4, 'Steven', 'Alcorn', 'Medicaid', '1234567891012'),
(73, 'John', 'Doe Rae Me', 'Medicaid', '1233');

-- --------------------------------------------------------

--
-- Table structure for table `user`
--

CREATE TABLE `user` (
  `UserID` int(4) NOT NULL,
  `UserName` varchar(20) NOT NULL,
  `Password` varchar(20) NOT NULL,
  `PIN` int(4) NOT NULL,
  `FirstName` varchar(20) DEFAULT NULL,
  `LastName` varchar(50) DEFAULT NULL,
  `Title` varchar(45) DEFAULT NULL,
  `Clearance` char(1) NOT NULL
) ENGINE=InnoDB DEFAULT CHARSET=utf8;

--
-- Dumping data for table `user`
--

INSERT INTO `user` (`UserID`, `UserName`, `Password`, `PIN`, `FirstName`, `LastName`, `Title`, `Clearance`) VALUES
(5, 'cmoon10', 'pass', 3124, 'Carl', 'Moon', 'Admin', '0'),
(73, 'Admin', 'password', 1234, 'John', 'Doe', 'Administrator', '0'),
(74, 'Reviewer', 'pass', 0, 'Triston', 'Gregoire', 'Reviewer', '1'),
(75, 'DCP', 'pass', 0, 'Lucy', 'Ricardio', 'DCP', '2'),
(77, 'Terminated', 'pass', 0, 'you''re ', 'fired', '', '4'),
(78, 'Auditor', 'pass', 0, 'David', 'Smith', 'Auditor', '3'),
(111, 'cmoon110', 'cmoon110', 3124, 'Carl', 'Moon II', 'Admin', '0');

--
-- Indexes for dumped tables
--

--
-- Indexes for table `forms`
--
ALTER TABLE `forms`
  ADD PRIMARY KEY (`FormID`),
  ADD UNIQUE KEY `FormID` (`FormID`);

--
-- Indexes for table `goal`
--
ALTER TABLE `goal`
  ADD PRIMARY KEY (`GoalID`);

--
-- Indexes for table `note`
--
ALTER TABLE `note`
  ADD PRIMARY KEY (`NoteID`),
  ADD KEY `ParticipantID` (`patientID`),
  ADD KEY `UserID` (`UserID`);

--
-- Indexes for table `patient`
--
ALTER TABLE `patient`
  ADD PRIMARY KEY (`patientID`),
  ADD UNIQUE KEY `medicaid` (`MedicaidNumber`);

--
-- Indexes for table `user`
--
ALTER TABLE `user`
  ADD PRIMARY KEY (`UserID`);

--
-- AUTO_INCREMENT for dumped tables
--

--
-- AUTO_INCREMENT for table `forms`
--
ALTER TABLE `forms`
  MODIFY `FormID` int(10) NOT NULL AUTO_INCREMENT, AUTO_INCREMENT=327;
--
-- AUTO_INCREMENT for table `goal`
--
ALTER TABLE `goal`
  MODIFY `GoalID` int(10) NOT NULL AUTO_INCREMENT, AUTO_INCREMENT=14;
--
-- AUTO_INCREMENT for table `note`
--
ALTER TABLE `note`
  MODIFY `NoteID` int(25) NOT NULL AUTO_INCREMENT, AUTO_INCREMENT=43;
--
-- AUTO_INCREMENT for table `patient`
--
ALTER TABLE `patient`
  MODIFY `patientID` int(9) NOT NULL AUTO_INCREMENT, AUTO_INCREMENT=74;
--
-- AUTO_INCREMENT for table `user`
--
ALTER TABLE `user`
  MODIFY `UserID` int(4) NOT NULL AUTO_INCREMENT, AUTO_INCREMENT=112;
--
-- Constraints for dumped tables
--

--
-- Constraints for table `note`
--
ALTER TABLE `note`
  ADD CONSTRAINT `note_ibfk_2` FOREIGN KEY (`UserID`) REFERENCES `user` (`UserID`) ON UPDATE CASCADE;

/*!40101 SET CHARACTER_SET_CLIENT=@OLD_CHARACTER_SET_CLIENT */;
/*!40101 SET CHARACTER_SET_RESULTS=@OLD_CHARACTER_SET_RESULTS */;
/*!40101 SET COLLATION_CONNECTION=@OLD_COLLATION_CONNECTION */;
